codigo,nombre,link
10.07,Creatividad,https://drive.google.com/file/d/1l7wDGzhnh32Bfp3VJsKKLn4YTT8vR4Ge/view?usp=drivesdk
10.09,Formación para Emprendedores,https://drive.google.com/file/d/1ljCGMXPhKdUNvW3c13qxekHEuMCfvvt-/view?usp=drivesdk
11.36,Innovación y Competitividad,
12.83,Seguridad Ocupacional y Ambiental,https://drive.google.com/file/d/1Zj6A9ER3MCddvpL4HCpnDFy0dKTZkIjD/view?usp=drivesdk
16.04,Neurociencias y Desarrollo Productivo,https://drive.google.com/file/d/15Qp6n5ObHuVfg0YAvBytmFb7-xHNkMP0/view?usp=drivesdk
16.50,Introducción a la Bioinformática,
16.57,Robótica Bioinspirada,https://drive.google.com/file/d/14CO-4uw7xDJ4bWodpRCggBqKKqncknAe/view?usp=drivesdk
16.82,Neurociencia Computacional,
22.09,Fundamentos Electrónicos de la Informática,
22.48,Procesamiento de Imágenes,https://drive.google.com/file/d/1vwqgT4KBwjAWrYjnyUUJDJB1Etgu4xPD/view?usp=drivesdk
23.15,Realidad Virtual,https://drive.google.com/file/d/1qNlFfBdIkXNjBCl_xZ09H0wGGe2P4l6J/view?usp=drivesdk
25.04,Computación Cuántica,
48.02,AI: Data Management Course & Digital Transformation,
61.08,Derecho Digital,https://drive.google.com/file/d/1CORdvHoSmyqkYvh-t1Ge1tZgWm0Pq6HL/view?usp=drivesdk
61.11,Derecho Laboral y Seguridad Social en la Empresa,https://drive.google.com/file/d/1HhDHnDjSMWQXupJQnYXIBOGzzREKhUov/view?usp=drivesdk
61.13,Práctica Contractual,https://drive.google.com/file/d/15RzSetDS-BBgewDbIZd-nCH-QvJZYPUF/view?usp=drivesdk
61.50,Finanzas de la Empresa,https://drive.google.com/file/d/1605CKzF5MFkG9xzplyjRFXh0CmTP9vHC/view?usp=drivesdk
71.48,Introducción a la realidad aumentada,
72.02,Organización Básica de la Computadora,
72.18,Programación Funcional,https://drive.google.com/file/d/15fEW9YmzwE9CYT0c0qImDdpTF6nG1JHo/view?usp=drivesdk
72.20,Redes de Información,https://drive.google.com/file/d/1P6ulVm0jrk_sXgctYYQ8mBIJDUv-e-pb/view?usp=drivesdk
72.22,Sistemas Tolerantes a Fallas,
72.23,Diseño y Construcción de Compiladores,
72.25,Simulación de Sistemas,https://drive.google.com/file/d/1wglZ-MLgh6vBeYxgUzxQRjPtrt-EcwKV/view?usp=drivesdk
72.27,Sistemas de Inteligencia Artificial,https://drive.google.com/file/d/18BcFELIWa7Fce8whdPPDD3BfNW_mUSuY/view?usp=drivesdk
72.28,Topología de Internet: Análisis y Modelado,
72.29,Tipos para Lenguajes de Programación,
72.41,Base de Datos II,https://drive.google.com/file/d/1k9o0VggYhnJ-tCrKtAaW0Fn-AxO_bub_/view?usp=drivesdk
72.42,Programación de Objetos Distribuidos,https://drive.google.com/file/d/1d2yW4XtAw6cwJk-VAFwviY0exAJx4Ofx/view?usp=drivesdk
72.43,Gestión de Proyectos Informáticos,https://drive.google.com/file/d/112txdI8ZJv6lw31YjrmwRGZNmmkGs46V/view?usp=drivesdk
72.44,Criptografía y Seguridad,https://drive.google.com/file/d/1L2PccXOInK_94y2DIhOdAeISn9a4uZl6/view?usp=drivesdk
72.45,Proyecto Final (Anual),https://drive.google.com/file/d/1O-l-JdtwJmjnJPLhBW1_RffzFWRSivsp/view?usp=drivesdk
72.46,Robótica Basada en Comportamiento,
72.49,Sistemas Tolerantes a Fallas,
72.50,Introducción al Desarrollo de Videojuegos,
72.51,Tecnologías para Web 2.,
72.52,Análisis y Tratamiento de Imágenes,
72.53,Visión Computacional 3D,
72.54,OLAP y Explotación de Datos,
72.55,Ontologías en la Web,
72.56,Automatización e Integración de Sistemas de Información,
72.57,Sistemas Embebidos,
72.58,Computación Gráfica,
72.59,Sistemas de Inteligencia Artificial II,
72.60,Programación Funcional,https://drive.google.com/file/d/1YGXYzRXziQ_pywgHcuwj-gOUdI3NPV76/view?usp=drivesdk
72.61,Taller de Diseño de Videojuegos,
72.64,Cloud Computing,
72.65,Desarrollo de Videojuegos 2D en iPhone OS,
72.66,Sistemas Embebidos,
72.67,Robótica Cinemática Computacional,
72.68,Arte y Ciencia Interactivos,
72.69,Seguridad de Software basada en Flujo de Información,
72.70,Modelos e Imágenes Fractales,
72.71,Integración de Sistemas de Información,
72.72,Análisis y Verificación de Modelos y Códigos,
72.73,Aprendizaje por Refuerzo en Robótica,
72.74,Visualización de Información,https://drive.google.com/file/d/15x-Bkf9h4TfyxNJW0SUS-vo4OH7OaKYH/view?usp=drivesdk
72.75,Aprendizaje Automático (Machine Learning),https://drive.google.com/file/d/1G3Dwof5GYCnZyv4yTjvqMm8E5P3g_eu6/view?usp=drivesdk
72.77,Técnicas Automáticas para Testing de Software,
72.78,OLAP Espacial,
72.79,Sistemas Multiagente I,https://drive.google.com/file/d/1M0FkNkpgkYo4-79ofB04YvmwdJpKkcjj/view?usp=drivesdk
72.80,Big Data,https://drive.google.com/file/d/1KzXlw6vYNQ2N8QuoXy5UBIcQqqiXxHse/view?usp=drivesdk
72.81,Simulación y Animación de Sistemas Multipartículas,
72.82,Tópicos de NOSQL,
72.83,Técnicas Avanzadas de HCI con Uso de Rastreadores de Ojos y Manos,
72.84,Base de Datos Espaciales y Sistemas de Información Geográfica,
72.85,Análisis de Datos en la Web Semántica,
72.86,Técnicas Avanzadas en Videojuegos,
72.87,Diseño Sonoro para Animación y Videojuegos,https://drive.google.com/file/d/1F128goORpAE-z0EQA4MEFJ4XbxgAAxNr/view?usp=drivesdk
72.88,Introducción a la Neurociencia Computacional,
72.89,Moneda Digital Descentralizada,
72.90,Internet de las Cosas (IoT),https://drive.google.com/file/d/1Rke9VNO75uV5u1IZ_kr6kH6FXktzzjig/view?usp=drivesdk
72.92,El Paradigma NoSQL - Bases de Datos de Grafos,https://drive.google.com/file/d/1Bky-tikcXXgKkuKy3OJmaPB87uW82Nys/view?usp=drivesdk
72.94,Introducción a los Sistemas Embebidos,
72.95,Proyecto de Innovación Científico-Tecnológico,
72.96,Proyecto de Aplicaciones Móviles,
72.97,Introducción a la Programación de Videojuegos,https://drive.google.com/file/d/1KmgSe_QGpwqm4eVsYpYp1Xk0Db1cR1_Z/view?usp=drivesdk
72.98,Práctica Laboral,
73.21,Desarrollo de Aplicaciones Móviles Multiplataforma,
73.22,Fundamentos de DevOps,https://drive.google.com/file/d/1DKZOzMGrFV8DeI2V1GIvA0xqJPYQnn47/view?usp=drivesdk
73.23,Programación Orientada a Datos,
73.30,Desarrollo profesional de software: del código al producto,
73.40,ARQUITECTURA DE MICROSERVICIOS,https://drive.google.com/file/d/1sOBoPQOGL0KtMBVy0WG_OrQUp7XPLyWN/view?usp=drivesdk
73.50,"Infraestructura de Cómputo: Data Center, Cloud y Edge",
73.60,Introducción a la Robótica Empresarial,
73.61,Neurorobótica,
73.62,Introducción a la Programación Paralela,
73.63,Redes Equivariantes,
73.64,Temas Avanzados en Deep Learning,
73.65,Procesamiento del Lenguaje Natural,
73.66,Procesamiento de Imágenes Satelitales,
73.67,Análisis de series de tiempo con Inteligencia Artificial,
73.80,SEGURIDAD OFENSIVA,
73.81,Ciberseguridad Ofensiva y Defensiva,
73.82,Bases de Datos Espaciales y de Movilidad,https://drive.google.com/file/d/1G2wuht2EX7J01rUj_Dnimb5mZPK2f2dX/view?usp=drivesdk
73.84,Ciencia de Datos Aplicada,https://drive.google.com/file/d/15afDHhNvI03tIapUYopuNZaMjWO4fVgV/view?usp=drivesdk
73.89,Introducción a Blockchain y Criptomonedas,https://drive.google.com/file/d/1Tk9lAA2mlLqZkj3eRa3XLucD7hcYYxmL/view?usp=drivesdk
73.98,Desarrollo Integral de Videojuegos,
81.13,Futuros Posibles,https://drive.google.com/file/d/1ScXDuQcYIrzulDwu_a2Mk7FERR91qeS9/view?usp=drivesdk
81.14,Product Management,https://drive.google.com/file/d/1So4hTg8TtAWCO4vK09cgrncxY0Cd_aNE/view?usp=drivesdk
81.16,Negociación,https://drive.google.com/file/d/1yIsclYd71BNW3SbvL1kfjCDSV_dd-9UU/view?usp=drivesdk
81.57,Arquitectura de soluciones digitales,https://drive.google.com/file/d/1-_uazjDu_m0jxN84_tOENsqtDPLbtHdS/view?usp=drivesdk
81.74,Introducción a la realidad aumentada,https://drive.google.com/file/d/1rZqDHY1lheH0HhoHpFzQaRo7hzzRZouu/view?usp=drivesdk
81.94,Experiencia Inmersiva de Innovación Tecnológica,
82.08,Cloud Computing,https://drive.google.com/file/d/1WlfJbgZCTNFU97p19JezVEpAOKia4rpM/view?usp=drivesdk
82.18,Procesamiento del Lenguaje Natural,https://drive.google.com/file/d/1uFfR4-6q_YCcgbKZjIC9VxN3309na6yO/view?usp=drivesdk
82.21,Factibilidad de Proyectos Data Driven,https://drive.google.com/file/d/1cYnIdUr598EN8NYVbG6KZYD3OO30Bzoq/view?usp=drivesdk
94.23,Formación General III,https://drive.google.com/file/d/1QZiztgthIfM7umjM0BuFXCAl-sBLRMXC/view?usp=drivesdk
94.26,Comunicación Organizacional,
94.42,Comunicación Estratégica,https://drive.google.com/file/d/1h8LsKe-HsquLP9nwrB6TxyscSg5PVMWH/view?usp=drivesdk
94.52,Inglés II,https://drive.google.com/file/d/1qF8RT6ou6OeRZhZD09vmKEPleilzDISr/view?usp=drivesdk
94.62,Ética en los Negocios,https://drive.google.com/file/d/1FK6emzTGhyNQ4I-sf46EGv6axlgisvk1/view?usp=drivesdk
94.64,Prácticas Expositivas,https://drive.google.com/file/d/1Cci-Lcg8qzP1JJxH1hbihQFNbItBLHQS/view?usp=drivesdk
94.65,Practica Profesional supervisada,https://drive.google.com/file/d/13ZmriWy6OLyHBtXLB02B0o7MTwmG8mgx/view?usp=drivesdk
94.92,Escritura Académica,
