language,term,schedule,studies,degree,ects,ects_semester,codigo,nombre,official_name,english_name,note_comment,url_guia,source_label,program_label,source_url,source_file,syllabus_links_json,availability_label,timing_risk_label,level_label,permission_label,language_label,schedule_label
Spanish,Fall,Unknown,Undergraduate,2-IMAT,6.0,6.0,DCIA-IMAT-211,Fundamentos de Inteligencia Artificial / Artificial Intelligence Fundamentals,Fundamentos de Inteligencia Artificial,Artificial Intelligence Fundamentals,,,course_offering_2026_2027_v1_1,regular_icai,,___Course_Offering_26-27_Student_Version_1.1.xlsx,[],exchange_term,low,undergraduate,standard,spanish,unknown
Spanish,Fall,Unknown,Undergraduate,2-IMAT,6.0,6.0,DCIA-IMAT-212,Adquisición y Visualización de Datos / Data Acquisition and Visualization,Adquisición y Visualización de Datos,Data Acquisition and Visualization,,,course_offering_2026_2027_v1_1,regular_icai,,___Course_Offering_26-27_Student_Version_1.1.xlsx,[],exchange_term,low,undergraduate,standard,spanish,unknown
Spanish,All-year,Unknown,Master,1-MIA,9.0,4.5,DCIA-MIA-501,Modelos Generativos Profundos / Deep Generative Models,Modelos Generativos Profundos,Deep Generative Models,Permission needed.,,course_offering_2026_2027_v1_1,regular_icai,,___Course_Offering_26-27_Student_Version_1.1.xlsx,[],exchange_term_all_year,medium,postgraduate,permission_required,spanish,unknown
Spanish,Fall,Unknown,Master,1-MIA,6.0,6.0,DCIA-MIA-515,Ética y Explicabilidad de la Inteligencia Artificial / Ethics and Explainable Artificial Intelligence,Ética y Explicabilidad de la Inteligencia Artificial,Ethics and Explainable Artificial Intelligence,Permission needed.,,course_offering_2026_2027_v1_1,regular_icai,,___Course_Offering_26-27_Student_Version_1.1.xlsx,[],exchange_term,low,postgraduate,permission_required,spanish,unknown
Spanish,Fall,Unknown,Master,1-MIA,6.0,6.0,DCIA-MIA-516,Ingeniería de Modelos / Artificial Intelligence Operations,Ingeniería de Modelos,Artificial Intelligence Operations,Permission needed.,,course_offering_2026_2027_v1_1,regular_icai,,___Course_Offering_26-27_Student_Version_1.1.xlsx,[],exchange_term,low,postgraduate,permission_required,spanish,unknown
Spanish,Fall,Unknown,Master,1-MIAA,6.0,6.0,DCIA-MUIAA-511,Agentes y Métodos de Inteligencia Artificial / Artificial Intelligence Agents and Methods,Agentes y Métodos de Inteligencia Artificial,Artificial Intelligence Agents and Methods,Permission needed.,,course_offering_2026_2027_v1_1,regular_icai,,___Course_Offering_26-27_Student_Version_1.1.xlsx,[],exchange_term,low,postgraduate,permission_required,spanish,unknown
Spanish,Fall,Unknown,Master,1-MIAA,6.0,6.0,DCIA-MUIAA-512,Aprendizaje Automático / Machine Learning,Aprendizaje Automático,Machine Learning,Permission needed.,,course_offering_2026_2027_v1_1,regular_icai,,___Course_Offering_26-27_Student_Version_1.1.xlsx,[],exchange_term,low,postgraduate,permission_required,spanish,unknown
Spanish,Fall,Unknown,Master,1-MIAA,3.0,3.0,DCIA-MUIAA-513,Desarrollo de Soluciones de IA / Development of AI Applications,Desarrollo de Soluciones de IA,Development of AI Applications,Permission needed.,,course_offering_2026_2027_v1_1,regular_icai,,___Course_Offering_26-27_Student_Version_1.1.xlsx,[],exchange_term,low,postgraduate,permission_required,spanish,unknown
Spanish,Fall,Unknown,Master,1-MIAA,3.0,3.0,DCIA-MUIAA-514,Ética y Explicabilidad / Ethics and Explainability,Ética y Explicabilidad,Ethics and Explainability,Permission needed.,,course_offering_2026_2027_v1_1,regular_icai,,___Course_Offering_26-27_Student_Version_1.1.xlsx,[],exchange_term,low,postgraduate,permission_required,spanish,unknown
Spanish,Fall,Unknown,Master,1-MIAA,6.0,6.0,DCIA-MUIAA-515,Ingeniería del Dato / Data Engineering,Ingeniería del Dato,Data Engineering,Permission needed.,,course_offering_2026_2027_v1_1,regular_icai,,___Course_Offering_26-27_Student_Version_1.1.xlsx,[],exchange_term,low,postgraduate,permission_required,spanish,unknown
Spanish,Fall,Unknown,Master,1-MIAA,6.0,6.0,DCIA-MUIAA-516,Operación de Modelos / MLOps,Operación de Modelos,MLOps,Permission needed.,,course_offering_2026_2027_v1_1,regular_icai,,___Course_Offering_26-27_Student_Version_1.1.xlsx,[],exchange_term,low,postgraduate,permission_required,spanish,unknown
English,Fall,Unknown,Master,1-MIINT,4.5,4.5,DCIA-MUIINT-111,Database Design,Database Design,Database Design,Permission needed.,,course_offering_2026_2027_v1_1,regular_icai,,___Course_Offering_26-27_Student_Version_1.1.xlsx,[],exchange_term,low,postgraduate,permission_required,english,unknown
Spanish,Fall,Unknown,Undergraduate,3-GITI,6.0,6.0,DEA-GITI-313,Sistemas Dinámicos / Dynamic Systems,Sistemas Dinámicos,Dynamic Systems,,,course_offering_2026_2027_v1_1,regular_icai,,___Course_Offering_26-27_Student_Version_1.1.xlsx,[],exchange_term,low,undergraduate,standard,spanish,unknown
Spanish,Fall,Unknown,Undergraduate,4-GITI,9.0,9.0,DEA-GITI-431,Microprocesadores / Microprocessors,Microprocesadores,Microprocessors,,,course_offering_2026_2027_v1_1,regular_icai,,___Course_Offering_26-27_Student_Version_1.1.xlsx,[],exchange_term,low,undergraduate,standard,spanish,unknown
Spanish,Fall,Unknown,Undergraduate,4-GITI,6.0,6.0,DEA-GITI-432,Control Digital / Digital Control,Control Digital,Digital Control,,,course_offering_2026_2027_v1_1,regular_icai,,___Course_Offering_26-27_Student_Version_1.1.xlsx,[],exchange_term,low,undergraduate,standard,spanish,unknown
Spanish,Fall,Unknown,Undergraduate,4-GITI,6.0,6.0,DEA-GITI-433,Circuitos Microelectrónicos I / Microelectronic Circuits I,Circuitos Microelectrónicos I,Microelectronic Circuits I,,,course_offering_2026_2027_v1_1,regular_icai,,___Course_Offering_26-27_Student_Version_1.1.xlsx,[],exchange_term,low,undergraduate,standard,spanish,unknown
Spanish,Fall,Unknown,Undergraduate,4-GITI,4.5,4.5,DEA-GITI-448,Aplicaciones de Electrónica de Potencia / Power Electronics Applications,Aplicaciones de Electrónica de Potencia,Power Electronics Applications,,,course_offering_2026_2027_v1_1,regular_icai,,___Course_Offering_26-27_Student_Version_1.1.xlsx,[],exchange_term,low,undergraduate,standard,spanish,unknown
Spanish,Fall,Unknown,Undergraduate,2-GITT,6.0,6.0,DEA-GITT-211,Circuitos Electrónicos / Electronic Circuits,Circuitos Electrónicos,Electronic Circuits,,,course_offering_2026_2027_v1_1,regular_icai,,___Course_Offering_26-27_Student_Version_1.1.xlsx,[],exchange_term,low,undergraduate,standard,spanish,unknown
Spanish,Fall,Unknown,Undergraduate,2-GITT,6.0,6.0,DEA-GITT-213,Señales y Sistemas / Signals and Systems,Señales y Sistemas,Signals and Systems,,,course_offering_2026_2027_v1_1,regular_icai,,___Course_Offering_26-27_Student_Version_1.1.xlsx,[],exchange_term,low,undergraduate,standard,spanish,unknown
Spanish,Fall,Unknown,Undergraduate,2-GITT,6.0,6.0,DEA-GITT-214,Sistemas Digitales I / Digital Systems I,Sistemas Digitales I,Digital Systems I,,,course_offering_2026_2027_v1_1,regular_icai,,___Course_Offering_26-27_Student_Version_1.1.xlsx,[],exchange_term,low,undergraduate,standard,spanish,unknown
Spanish,Fall,Unknown,Undergraduate,3-GITT,7.5,7.5,DEA-GITT-311,Electrónica / Electronics,Electrónica,Electronics,,,course_offering_2026_2027_v1_1,regular_icai,,___Course_Offering_26-27_Student_Version_1.1.xlsx,[],exchange_term,low,undergraduate,standard,spanish,unknown
Spanish,Fall,Unknown,Undergraduate,3-GITT,6.0,6.0,DEA-GITT-314,Radiación y Propagación / Electromagnetic Waves,Radiación y Propagación,Electromagnetic Waves,,,course_offering_2026_2027_v1_1,regular_icai,,___Course_Offering_26-27_Student_Version_1.1.xlsx,[],exchange_term,low,undergraduate,standard,spanish,unknown
Spanish,Fall,Unknown,Undergraduate,3-GITT,6.0,6.0,DEA-GITT-316,Electrónica e Instrumentación Biomédica / Biomedical Electronics and Instrumentation,Electrónica e Instrumentación Biomédica,Biomedical Electronics and Instrumentation,,,course_offering_2026_2027_v1_1,regular_icai,,___Course_Offering_26-27_Student_Version_1.1.xlsx,[],exchange_term,low,undergraduate,standard,spanish,unknown
Spanish,Fall,Unknown,Undergraduate,4-GITT,6.0,6.0,DEA-GITT-416,Tratamiento de Señales Biomédicas / Biomedical Signals Processing,Tratamiento de Señales Biomédicas,Biomedical Signals Processing,,,course_offering_2026_2027_v1_1,regular_icai,,___Course_Offering_26-27_Student_Version_1.1.xlsx,[],exchange_term,low,undergraduate,standard,spanish,unknown
Spanish,Fall,Unknown,Undergraduate,3-IMAT,6.0,6.0,DEAC-IMAT-312,Sistemas de Control / Control Systems,Sistemas de Control,Control Systems,,,course_offering_2026_2027_v1_1,regular_icai,,___Course_Offering_26-27_Student_Version_1.1.xlsx,[],exchange_term,low,undergraduate,standard,spanish,unknown
Spanish,Fall,Unknown,Undergraduate,3-IMAT,4.5,4.5,DEAC-IMAT-313,Visión por Ordenador I / Computer Vision I,Visión por Ordenador I,Computer Vision I,,,course_offering_2026_2027_v1_1,regular_icai,,___Course_Offering_26-27_Student_Version_1.1.xlsx,[],exchange_term,low,undergraduate,standard,spanish,unknown
Spanish,Fall,Unknown,Undergraduate,4-IMAT,3.0,3.0,DEAC-IMAT-411,Aprendizaje por Refuerzo / Reinforcement Learning,Aprendizaje por Refuerzo,Reinforcement Learning,,,course_offering_2026_2027_v1_1,regular_icai,,___Course_Offering_26-27_Student_Version_1.1.xlsx,[],exchange_term,low,undergraduate,standard,spanish,unknown
Spanish,Fall,Unknown,Master,2-MCS,3.0,3.0,DEAC-MCS-511,Ciberseguridad en la Industria e Infraestructuras Críticas / Industrial Cybersecurity and Critical Infrastructure,Ciberseguridad en la Industria e Infraestructuras Críticas,Industrial Cybersecurity and Critical Infrastructure,Permission needed,,course_offering_2026_2027_v1_1,regular_icai,,___Course_Offering_26-27_Student_Version_1.1.xlsx,[],exchange_term,low,postgraduate,permission_required,spanish,unknown
Spanish,Fall,Unknown,Master,1-MII,7.5,7.5,DEAC-MII-513,Sistemas Electrónicos / Electronic Systems,Sistemas Electrónicos,Electronic Systems,,,course_offering_2026_2027_v1_1,regular_icai,,___Course_Offering_26-27_Student_Version_1.1.xlsx,[],exchange_term,low,postgraduate,permission_required,spanish,unknown
Spanish,Fall,Unknown,Master,2-MII,4.5,4.5,DEAC-MII-631,Comunicaciones Industriales / Industrial Communication Systems,Comunicaciones Industriales,Industrial Communication Systems,,,course_offering_2026_2027_v1_1,regular_icai,,___Course_Offering_26-27_Student_Version_1.1.xlsx,[],exchange_term,low,postgraduate,permission_required,spanish,unknown
Spanish,Fall,Unknown,Master,2-MII,4.5,4.5,DEAC-MII-632,Automatización Avanzada / Advanced Automation,Automatización Avanzada,Advanced Automation,,,course_offering_2026_2027_v1_1,regular_icai,,___Course_Offering_26-27_Student_Version_1.1.xlsx,[],exchange_term,low,postgraduate,permission_required,spanish,unknown
Spanish,Fall,Unknown,Master,1-MIT,7.5,7.5,DEAC-MIT-511,Electrónica de Comunicaciones / Communication Electronics,Electrónica de Comunicaciones,Communication Electronics,,,course_offering_2026_2027_v1_1,regular_icai,,___Course_Offering_26-27_Student_Version_1.1.xlsx,[],exchange_term,low,postgraduate,permission_required,spanish,unknown
Spanish,Fall,Unknown,Master,1-MIT,6.0,6.0,DEAC-MIT-513,Sistemas de Comunicación I / Communications Systems I,Sistemas de Comunicación I,Communications Systems I,,,course_offering_2026_2027_v1_1,regular_icai,,___Course_Offering_26-27_Student_Version_1.1.xlsx,[],exchange_term,low,postgraduate,permission_required,spanish,unknown
Spanish,Fall,Unknown,Master,2-MIT,3.0,3.0,DEAC-MIT-611,Aplicaciones Industriales de las Comunicaciones / Communications in Industrial Applications,Aplicaciones Industriales de las Comunicaciones,Communications in Industrial Applications,,,course_offering_2026_2027_v1_1,regular_icai,,___Course_Offering_26-27_Student_Version_1.1.xlsx,[],exchange_term,low,postgraduate,permission_required,spanish,unknown
English,Fall,Unknown,Master,1-MSG,3.0,3.0,DEAC-MSG-512,Fundamentals of Telecommunications,Fundamentals of Telecommunications,Fundamentals of Telecommunications,2-week intensive,,course_offering_2026_2027_v1_1,regular_icai,,___Course_Offering_26-27_Student_Version_1.1.xlsx,[],exchange_term,low,postgraduate,permission_required,english,unknown
English,Fall,Unknown,Master,1-MSG,7.5,7.5,DEAC-MSG-515,Telecommunications for Smart Grids,Telecommunications for Smart Grids,Telecommunications for Smart Grids,,,course_offering_2026_2027_v1_1,regular_icai,,___Course_Offering_26-27_Student_Version_1.1.xlsx,[],exchange_term,low,postgraduate,permission_required,english,unknown
English,Fall,Unknown,Master,1-MIINT,4.5,4.5,DEAC-MUIINT-112,Internet of Things,Internet of Things,Internet of Things,Permission needed.,,course_offering_2026_2027_v1_1,regular_icai,,___Course_Offering_26-27_Student_Version_1.1.xlsx,[],exchange_term,low,postgraduate,permission_required,english,unknown
English,Fall,Unknown,Master,1-MIINT,4.5,4.5,DEAC-MUIINT-113,Reinforcement Learning,Reinforcement Learning,Reinforcement Learning,Permission needed.,,course_offering_2026_2027_v1_1,regular_icai,,___Course_Offering_26-27_Student_Version_1.1.xlsx,[],exchange_term,low,postgraduate,permission_required,english,unknown
Spanish,Fall,Unknown,Undergraduate,2-ADE,6.0,6.0,DER-ADE-215,Marco Jurídico de la Empresa / Business Legal Framework,Marco Jurídico de la Empresa,Business Legal Framework,,,course_offering_2026_2027_v1_1,regular_icai,,___Course_Offering_26-27_Student_Version_1.1.xlsx,[],exchange_term,low,undergraduate,standard,spanish,unknown
Spanish,Fall,Unknown,Undergraduate,3-BA,6.0,6.0,DER-BA23-313,Regulación de Mercados Digitales / Regulation and Digital Markets,Regulación de Mercados Digitales,Regulation and Digital Markets,,,course_offering_2026_2027_v1_1,regular_icai,,___Course_Offering_26-27_Student_Version_1.1.xlsx,[],exchange_term,low,undergraduate,standard,spanish,unknown
Spanish,All-year,Unknown,Undergraduate,2-GITI,12.0,6.0,DIE-GITI-201,Electrotecnia / Power System Fundamentals,Electrotecnia,Power System Fundamentals,,,course_offering_2026_2027_v1_1,regular_icai,,___Course_Offering_26-27_Student_Version_1.1.xlsx,[],exchange_term_all_year,medium,undergraduate,standard,spanish,unknown
Spanish,Fall,Unknown,Undergraduate,3-GITI,7.5,7.5,DIE-GITI-312,Máquinas Eléctricas / Electric Machines,Máquinas Eléctricas,Electric Machines,,,course_offering_2026_2027_v1_1,regular_icai,,___Course_Offering_26-27_Student_Version_1.1.xlsx,[],exchange_term,low,undergraduate,standard,spanish,unknown
Spanish,Fall,Unknown,Undergraduate,4-GITI,6.0,6.0,DIE-GITI-431,Ampliación de Sistemas de Energía Eléctrica / Power Systems Analysis,Ampliación de Sistemas de Energía Eléctrica,Power Systems Analysis,,,course_offering_2026_2027_v1_1,regular_icai,,___Course_Offering_26-27_Student_Version_1.1.xlsx,[],exchange_term,low,undergraduate,standard,spanish,unknown
Spanish,Fall,Unknown,Undergraduate,4-GITI,3.0,3.0,DIE-GITI-439,Fundamentos y Aplicaciones de Accionamientos Eléctricos / Fundamentals and Applications of Electric Drives,Fundamentos y Aplicaciones de Accionamientos Eléctricos,Fundamentals and Applications of Electric Drives,,,course_offering_2026_2027_v1_1,regular_icai,,___Course_Offering_26-27_Student_Version_1.1.xlsx,[],exchange_term,low,undergraduate,standard,spanish,unknown
Spanish,Fall,Unknown,Undergraduate,4-GITI,4.5,4.5,DIE-GITI-441,Centrales y Subestaciones Eléctricas / Electric Power Plants and Electrical Substations,Centrales y Subestaciones Eléctricas,Electric Power Plants and Electrical Substations,,,course_offering_2026_2027_v1_1,regular_icai,,___Course_Offering_26-27_Student_Version_1.1.xlsx,[],exchange_term,low,undergraduate,standard,spanish,unknown
English,Fall,Unknown,Master,1-MEPI,6.0,6.0,DIE-MEPI-512,Electric Power Systems,Electric Power Systems,Electric Power Systems,,,course_offering_2026_2027_v1_1,regular_icai,,___Course_Offering_26-27_Student_Version_1.1.xlsx,[],exchange_term,low,postgraduate,permission_required,english,unknown
English,Fall,Unknown,Master,1-MEPI,3.0,3.0,DIE-MEPI-513,Fundamentals on Electrical Engineering and Optimization Techniques,Fundamentals on Electrical Engineering and Optimization Techniques,Fundamentals on Electrical Engineering and Optimization Techniques,Only newly-admitted degree students,,course_offering_2026_2027_v1_1,regular_icai,,___Course_Offering_26-27_Student_Version_1.1.xlsx,[],exchange_term,low,postgraduate,permission_required,english,unknown
Spanish,Fall,Unknown,Master,1-MII,6.0,6.0,DIE-MII-512,Explotación de los Sistemas de Energía Eléctrica / Operation of Electric Power Systems,Explotación de los Sistemas de Energía Eléctrica,Operation of Electric Power Systems,,,course_offering_2026_2027_v1_1,regular_icai,,___Course_Offering_26-27_Student_Version_1.1.xlsx,[],exchange_term,low,postgraduate,permission_required,spanish,unknown
English,Fall,Unknown,Master,2-MII,7.5,7.5,DIE-MII-615,Regulación y Nuevos Modelos de Negocio / Regulation and New Business Models,Regulación y Nuevos Modelos de Negocio,Regulation and New Business Models,Same as DIE-MSG-514,,course_offering_2026_2027_v1_1,regular_icai,,___Course_Offering_26-27_Student_Version_1.1.xlsx,[],exchange_term,low,postgraduate,permission_required,english,unknown
Spanish,Fall,Unknown,Master,2-MII,4.5,4.5,DIE-MII-631,Líneas Eléctricas / Electric Power Lines,Líneas Eléctricas,Electric Power Lines,,,course_offering_2026_2027_v1_1,regular_icai,,___Course_Offering_26-27_Student_Version_1.1.xlsx,[],exchange_term,low,postgraduate,permission_required,spanish,unknown
Spanish,Fall,Unknown,Master,2-MII,4.5,4.5,DIE-MII-633,Instalaciones de Media y Baja Tensión / Medium and Low Voltage Installations,Instalaciones de Media y Baja Tensión,Medium and Low Voltage Installations,,,course_offering_2026_2027_v1_1,regular_icai,,___Course_Offering_26-27_Student_Version_1.1.xlsx,[],exchange_term,low,postgraduate,permission_required,spanish,unknown
English,Fall,Unknown,Master,1-MSG,3.0,3.0,DIE-MSG-511,Fundamentals of Power Systems,Fundamentals of Power Systems,Fundamentals of Power Systems,2-week intensive. Requires sufficient global demand. TBD,,course_offering_2026_2027_v1_1,regular_icai,,___Course_Offering_26-27_Student_Version_1.1.xlsx,[],exchange_term,low,postgraduate,permission_required,english,unknown
English,Fall,Unknown,Master,1-MSG,6.0,6.0,DIE-MSG-517,Operation and Planning of Future Distribution Networks,Operation and Planning of Future Distribution Networks,Operation and Planning of Future Distribution Networks,Must take with DIE-MSG-518,,course_offering_2026_2027_v1_1,regular_icai,,___Course_Offering_26-27_Student_Version_1.1.xlsx,[],exchange_term,low,postgraduate,permission_required,english,unknown
English,Fall,Unknown,Master,1-MSG,1.5,1.5,DIE-MSG-518,Operation and Planning of Future Distribution Networks Laboratory,Operation and Planning of Future Distribution Networks Laboratory,Operation and Planning of Future Distribution Networks Laboratory,Must take with DIE-MSG-517,,course_offering_2026_2027_v1_1,regular_icai,,___Course_Offering_26-27_Student_Version_1.1.xlsx,[],exchange_term,low,postgraduate,permission_required,english,unknown
English,Fall,Unknown,Master,2-MII,6.0,6.0,DIE-OPT-613,Optativa Complementaria. Optimization Techniques for Electrical Engineering / Optimization Techniques for Electrical Engineering,Optativa Complementaria. Optimization Techniques for Electrical Engineering,Optimization Techniques for Electrical Engineering,,,course_offering_2026_2027_v1_1,regular_icai,,___Course_Offering_26-27_Student_Version_1.1.xlsx,[],exchange_term,low,postgraduate,permission_required,english,unknown
English,Fall,Unknown,Undergraduate,1-SAPIENS,6.0,6.0,DIE-SAP-212,Electricity and Magnetism,Electricity and Magnetism,Electricity and Magnetism,,,course_offering_2026_2027_v1_1,sapiens,,___Course_Offering_26-27_Student_Version_1.1.xlsx,[],exchange_term,low,undergraduate,standard,english,unknown
Spanish,All-year,Unknown,Undergraduate,1-BIO,3.0,1.5,DIM-GIB-101,Retos y Avances en Ingeniería Biomédica / Challenges and Advances in Biomedical Engineering,Retos y Avances en Ingeniería Biomédica,Challenges and Advances in Biomedical Engineering,,,course_offering_2026_2027_v1_1,regular_icai,,___Course_Offering_26-27_Student_Version_1.1.xlsx,[],exchange_term_all_year,medium,undergraduate,standard,spanish,unknown
Spanish,Fall,Unknown,Undergraduate,1-BIO,4.5,4.5,DIM-GIB-111,Bioquímica / Biochemistry,Bioquímica,Biochemistry,,,course_offering_2026_2027_v1_1,regular_icai,,___Course_Offering_26-27_Student_Version_1.1.xlsx,[],exchange_term,low,undergraduate,standard,spanish,unknown
Spanish,Fall,Unknown,Undergraduate,1-BIO,6.0,6.0,DIM-GIB-112,Física I / Physics I,Física I,Physics I,,,course_offering_2026_2027_v1_1,regular_icai,,___Course_Offering_26-27_Student_Version_1.1.xlsx,[],exchange_term,low,undergraduate,standard,spanish,unknown
Spanish,Fall,Unknown,Undergraduate,1-BIO,6.0,6.0,DIM-GIB-113,Química / Chemistry,Química,Chemistry,,,course_offering_2026_2027_v1_1,regular_icai,,___Course_Offering_26-27_Student_Version_1.1.xlsx,[],exchange_term,low,undergraduate,standard,spanish,unknown
Spanish,All-year,Unknown,Undergraduate,1-GITI,12.0,6.0,DIM-GITI-103,Física / Physics,Física,Physics,,,course_offering_2026_2027_v1_1,regular_icai,,___Course_Offering_26-27_Student_Version_1.1.xlsx,[],exchange_term_all_year,medium,undergraduate,standard,spanish,unknown
Spanish,Fall,Unknown,Undergraduate,1-GITI,7.5,7.5,DIM-GITI-121,Expresión Gráfica / Engineering Drawing and CAD,Expresión Gráfica,Engineering Drawing and CAD,,,course_offering_2026_2027_v1_1,regular_icai,,___Course_Offering_26-27_Student_Version_1.1.xlsx,[],exchange_term,low,undergraduate,standard,spanish,unknown
Spanish,All-year,Unknown,Undergraduate,1-GITI,6.0,3.0,DIM-GITI-123,Química / Chemistry,Química,Chemistry,,,course_offering_2026_2027_v1_1,regular_icai,,___Course_Offering_26-27_Student_Version_1.1.xlsx,[],exchange_term_all_year,medium,undergraduate,standard,spanish,unknown
Spanish,All-year,Unknown,Undergraduate,2-GITI,9.0,4.5,DIM-GITI-202,Mecánica / Mechanics,Mecánica,Mechanics,,,course_offering_2026_2027_v1_1,regular_icai,,___Course_Offering_26-27_Student_Version_1.1.xlsx,[],exchange_term_all_year,medium,undergraduate,standard,spanish,unknown
Spanish,Fall,Unknown,Undergraduate,2-GITI,6.0,6.0,DIM-GITI-211,Ciencia de Materiales / Materials Science,Ciencia de Materiales,Materials Science,,,course_offering_2026_2027_v1_1,regular_icai,,___Course_Offering_26-27_Student_Version_1.1.xlsx,[],exchange_term,low,undergraduate,standard,spanish,unknown
Spanish,Fall,Unknown,Undergraduate,2-GITI,7.5,7.5,DIM-GITI-213,Termodinámica / Thermodynamics,Termodinámica,Thermodynamics,,,course_offering_2026_2027_v1_1,regular_icai,,___Course_Offering_26-27_Student_Version_1.1.xlsx,[],exchange_term,low,undergraduate,standard,spanish,unknown
Spanish,Fall,Unknown,Undergraduate,3-GITI,4.5,4.5,DIM-GITI-314,Transmisión de Calor / Heat Transfer,Transmisión de Calor,Heat Transfer,,,course_offering_2026_2027_v1_1,regular_icai,,___Course_Offering_26-27_Student_Version_1.1.xlsx,[],exchange_term,low,undergraduate,standard,spanish,unknown
Spanish,Fall,Unknown,Undergraduate,4-GITI,4.5,4.5,DIM-GITI-421,Ingeniería Medioambiental / Environmental Engineering,Ingeniería Medioambiental,Environmental Engineering,,,course_offering_2026_2027_v1_1,regular_icai,,___Course_Offering_26-27_Student_Version_1.1.xlsx,[],exchange_term,low,undergraduate,standard,spanish,unknown
Spanish,Fall,Unknown,Undergraduate,4-GITI,6.0,6.0,DIM-GITI-431,Turbomáquinas / Turbomachines,Turbomáquinas,Turbomachines,,,course_offering_2026_2027_v1_1,regular_icai,,___Course_Offering_26-27_Student_Version_1.1.xlsx,[],exchange_term,low,undergraduate,standard,spanish,unknown
English / Spanish,Fall,Unknown,Undergraduate,4-GITI,4.5,4.5,DIM-GITI-433,Cálculo de Estructuras / Structural Analysis,Cálculo de Estructuras,Structural Analysis,English only if sufficient demand,,course_offering_2026_2027_v1_1,regular_icai,,___Course_Offering_26-27_Student_Version_1.1.xlsx,[],exchange_term,low,undergraduate,standard,english_or_spanish,unknown
Spanish,Fall,Unknown,Undergraduate,4-GITI,3.0,3.0,DIM-GITI-434,Diseño Mecánico / Mechanical Design,Diseño Mecánico,Mechanical Design,,,course_offering_2026_2027_v1_1,regular_icai,,___Course_Offering_26-27_Student_Version_1.1.xlsx,[],exchange_term,low,undergraduate,standard,spanish,unknown
Spanish,Fall,Unknown,Undergraduate,4-ADE,6.0,6.0,DIM-GITI-439,Tecnologías de Fabricación y Producción / Manufacturing and Production Technologies,Tecnologías de Fabricación y Producción,Manufacturing and Production Technologies,,,course_offering_2026_2027_v1_1,regular_icai,,___Course_Offering_26-27_Student_Version_1.1.xlsx,[],exchange_term,low,undergraduate,standard,spanish,unknown
English / Spanish,Fall,Unknown,Undergraduate,4-GITI,4.5,4.5,DIM-GITI-442,Elementos de Máquinas / Machinery Components,Elementos de Máquinas,Machinery Components,,,course_offering_2026_2027_v1_1,regular_icai,,___Course_Offering_26-27_Student_Version_1.1.xlsx,[],exchange_term,low,undergraduate,standard,english_or_spanish,unknown
Spanish,Fall,Unknown,Undergraduate,4-GITI,4.5,4.5,DIM-GITI-447,Ingeniería de Fabricación / Manufacturing Engineering,Ingeniería de Fabricación,Manufacturing Engineering,,,course_offering_2026_2027_v1_1,regular_icai,,___Course_Offering_26-27_Student_Version_1.1.xlsx,[],exchange_term,low,undergraduate,standard,spanish,unknown
Spanish,All-year,Unknown,Undergraduate,1-GITT,12.0,6.0,DIM-GITT-103,Fundamentos Físicos de las Comunicaciones / Physical Foundations of Communications,Fundamentos Físicos de las Comunicaciones,Physical Foundations of Communications,,,course_offering_2026_2027_v1_1,regular_icai,,___Course_Offering_26-27_Student_Version_1.1.xlsx,[],exchange_term_all_year,medium,undergraduate,standard,spanish,unknown
Spanish,All-year,Unknown,Undergraduate,1-IMAT,9.0,4.5,DIM-IMAT-103,Física / Physics,Física,Physics,,,course_offering_2026_2027_v1_1,regular_icai,,___Course_Offering_26-27_Student_Version_1.1.xlsx,[],exchange_term_all_year,medium,undergraduate,standard,spanish,unknown
Spanish,Fall,Unknown,Master,1-MII,6.0,6.0,DIM-MII-515,Construcciones Industriales / Industrial Constructions,Construcciones Industriales,Industrial Constructions,,,course_offering_2026_2027_v1_1,regular_icai,,___Course_Offering_26-27_Student_Version_1.1.xlsx,[],exchange_term,low,postgraduate,permission_required,spanish,unknown
Spanish,Fall,Unknown,Master,1-MII,4.5,4.5,DIM-MII-516,Robotica Industrial / Industrial Robotics,Robotica Industrial,Industrial Robotics,,,course_offering_2026_2027_v1_1,regular_icai,,___Course_Offering_26-27_Student_Version_1.1.xlsx,[],exchange_term,low,postgraduate,permission_required,spanish,unknown
English,Fall,Unknown,Master,2-MII,3.0,3.0,DIM-MII-611,Materiales Avanzados y Técnicas de Unión / Advanced Materials & Joining,Materiales Avanzados y Técnicas de Unión,Advanced Materials & Joining,,,course_offering_2026_2027_v1_1,regular_icai,,___Course_Offering_26-27_Student_Version_1.1.xlsx,[],exchange_term,low,postgraduate,permission_required,english,unknown
Spanish,Fall,Unknown,Master,2-MII,6.0,6.0,DIM-MII-612,Simulación Multifísica / Multiphysics Simulation,Simulación Multifísica,Multiphysics Simulation,,,course_offering_2026_2027_v1_1,regular_icai,,___Course_Offering_26-27_Student_Version_1.1.xlsx,[],exchange_term,low,postgraduate,permission_required,spanish,unknown
Spanish,Fall,Unknown,Master,2-MII,3.0,3.0,DIM-MII-616,Energías Renovables / Renewable Energies,Energías Renovables,Renewable Energies,,,course_offering_2026_2027_v1_1,regular_icai,,___Course_Offering_26-27_Student_Version_1.1.xlsx,[],exchange_term,low,postgraduate,permission_required,spanish,unknown
Spanish,Fall,Unknown,Master,2-MII,6.0,6.0,DIM-MII-632,Oleohidráulica y Neumática / Oil Hydraulics and Pneumatics,Oleohidráulica y Neumática,Oil Hydraulics and Pneumatics,,,course_offering_2026_2027_v1_1,regular_icai,,___Course_Offering_26-27_Student_Version_1.1.xlsx,[],exchange_term,low,postgraduate,permission_required,spanish,unknown
English,Fall,Unknown,Master,2-MII,6.0,6.0,DIM-OPT-611,Optativa Complementaria. Sustainable Development / Sustainable Development,Optativa Complementaria. Sustainable Development,Sustainable Development,,,course_offering_2026_2027_v1_1,regular_icai,,___Course_Offering_26-27_Student_Version_1.1.xlsx,[],exchange_term,low,postgraduate,permission_required,english,unknown
English,Fall,Unknown,Undergraduate,1-SAPIENS,6.0,6.0,DIM-SAP-211,Introduction to Statics,Introduction to Statics,Introduction to Statics,,,course_offering_2026_2027_v1_1,sapiens,,___Course_Offering_26-27_Student_Version_1.1.xlsx,[],exchange_term,low,undergraduate,standard,english,unknown
English,Fall,Unknown,Undergraduate,1-SAPIENS,6.0,6.0,DIM-SAP-336,Engineering Thermodynamics,Engineering Thermodynamics,Engineering Thermodynamics,,,course_offering_2026_2027_v1_1,sapiens,,___Course_Offering_26-27_Student_Version_1.1.xlsx,[],exchange_term,low,undergraduate,standard,english,unknown
English,Fall,Unknown,Undergraduate,1-SAPIENS,6.0,6.0,DIM-SAP-346,Environmental Engineering & Sustainability,Environmental Engineering & Sustainability,Environmental Engineering & Sustainability,,,course_offering_2026_2027_v1_1,sapiens,,___Course_Offering_26-27_Student_Version_1.1.xlsx,[],exchange_term,low,undergraduate,standard,english,unknown
Spanish,Fall,Unknown,Undergraduate,1-BIO,6.0,6.0,DMA-GIB-111,Álgebra y Geometría / Algebra and Geometry,Álgebra y Geometría,Algebra and Geometry,,,course_offering_2026_2027_v1_1,regular_icai,,___Course_Offering_26-27_Student_Version_1.1.xlsx,[],exchange_term,low,undergraduate,standard,spanish,unknown
Spanish,Fall,Unknown,Undergraduate,1-BIO,6.0,6.0,DMA-GIB-112,Cálculo / Calculus,Cálculo,Calculus,,,course_offering_2026_2027_v1_1,regular_icai,,___Course_Offering_26-27_Student_Version_1.1.xlsx,[],exchange_term,low,undergraduate,standard,spanish,unknown
Spanish,All-year,Unknown,Undergraduate,1-GITI,9.0,4.5,DMA-GITI-101,Álgebra y Geometría / Algebra and Geometry,Álgebra y Geometría,Algebra and Geometry,,,course_offering_2026_2027_v1_1,regular_icai,,___Course_Offering_26-27_Student_Version_1.1.xlsx,[],exchange_term_all_year,medium,undergraduate,standard,spanish,unknown
Spanish,All-year,Unknown,Undergraduate,1-GITI,12.0,6.0,DMA-GITI-102,Cálculo / Calculus,Cálculo,Calculus,,,course_offering_2026_2027_v1_1,regular_icai,,___Course_Offering_26-27_Student_Version_1.1.xlsx,[],exchange_term_all_year,medium,undergraduate,standard,spanish,unknown
Spanish,Fall,Unknown,Undergraduate,2-GITI,6.0,6.0,DMA-GITI-212,Ecuaciones Diferenciales / Differential Equations,Ecuaciones Diferenciales,Differential Equations,,,course_offering_2026_2027_v1_1,regular_icai,,___Course_Offering_26-27_Student_Version_1.1.xlsx,[],exchange_term,low,undergraduate,standard,spanish,unknown
Spanish,All-year,Unknown,Undergraduate,1-GITT,9.0,4.5,DMA-GITT-101,Álgebra y Geometría / Algebra and Geometry,Álgebra y Geometría,Algebra and Geometry,,,course_offering_2026_2027_v1_1,regular_icai,,___Course_Offering_26-27_Student_Version_1.1.xlsx,[],exchange_term_all_year,medium,undergraduate,standard,spanish,unknown
Spanish,All-year,Unknown,Undergraduate,1-GITT,12.0,6.0,DMA-GITT-102,Cálculo / Calculus,Cálculo,Calculus,,,course_offering_2026_2027_v1_1,regular_icai,,___Course_Offering_26-27_Student_Version_1.1.xlsx,[],exchange_term_all_year,medium,undergraduate,standard,spanish,unknown
Spanish,Fall,Unknown,Undergraduate,2-GITT,6.0,6.0,DMA-GITT-212,Ecuaciones Diferenciales / Differential Equations,Ecuaciones Diferenciales,Differential Equations,,,course_offering_2026_2027_v1_1,regular_icai,,___Course_Offering_26-27_Student_Version_1.1.xlsx,[],exchange_term,low,undergraduate,standard,spanish,unknown
Spanish,All-year,Unknown,Undergraduate,1-IMAT,12.0,6.0,DMA-IMAT-101,Álgebra y Geometría / Algebra and Geometry,Álgebra y Geometría,Algebra and Geometry,,,course_offering_2026_2027_v1_1,regular_icai,,___Course_Offering_26-27_Student_Version_1.1.xlsx,[],exchange_term_all_year,medium,undergraduate,standard,spanish,unknown
Spanish,All-year,Unknown,Undergraduate,1-IMAT,12.0,6.0,DMA-IMAT-102,Análisis Matemático y Cálculo Vectorial / Mathematical Analysis and Vector Calculus,Análisis Matemático y Cálculo Vectorial,Mathematical Analysis and Vector Calculus,,,course_offering_2026_2027_v1_1,regular_icai,,___Course_Offering_26-27_Student_Version_1.1.xlsx,[],exchange_term_all_year,medium,undergraduate,standard,spanish,unknown
Spanish,Fall,Unknown,Undergraduate,2-IMAT,6.0,6.0,DMA-IMAT-212,Ecuaciones Diferenciales / Differential Equations,Ecuaciones Diferenciales,Differential Equations,,,course_offering_2026_2027_v1_1,regular_icai,,___Course_Offering_26-27_Student_Version_1.1.xlsx,[],exchange_term,low,undergraduate,standard,spanish,unknown
Spanish,Fall,Unknown,Undergraduate,2-IMAT,6.0,6.0,DMA-IMAT-214,Matemática Discreta / Discrete Mathematics,Matemática Discreta,Discrete Mathematics,,,course_offering_2026_2027_v1_1,regular_icai,,___Course_Offering_26-27_Student_Version_1.1.xlsx,[],exchange_term,low,undergraduate,standard,spanish,unknown
Spanish,Fall,Unknown,Undergraduate,3-IMAT,4.5,4.5,DMA-IMAT-311,Geometría Computacional / Computational Geometry,Geometría Computacional,Computational Geometry,,,course_offering_2026_2027_v1_1,regular_icai,,___Course_Offering_26-27_Student_Version_1.1.xlsx,[],exchange_term,low,undergraduate,standard,spanish,unknown
Spanish,Fall,Unknown,Undergraduate,4-IMAT,3.0,3.0,DMA-IMAT-415,Matemática Avanzada / Advanced Mathematics,Matemática Avanzada,Advanced Mathematics,,,course_offering_2026_2027_v1_1,regular_icai,,___Course_Offering_26-27_Student_Version_1.1.xlsx,[],exchange_term,low,undergraduate,standard,spanish,unknown
Spanish,Fall,Unknown,Master,1-MIA,4.5,4.5,DMA-MIA-512,Métodos Probabilísticos / Probabilistic Methods,Métodos Probabilísticos,Probabilistic Methods,Permission needed.,,course_offering_2026_2027_v1_1,regular_icai,,___Course_Offering_26-27_Student_Version_1.1.xlsx,[],exchange_term,low,postgraduate,permission_required,spanish,unknown
Spanish,Fall,Unknown,Master,1-MIA,4.5,4.5,DMA-MIA-513,Métodos Diferenciales de la Inteligencia Artificial / Differential Methods in Artificial Intelligence,Métodos Diferenciales de la Inteligencia Artificial,Differential Methods in Artificial Intelligence,Permission needed.,,course_offering_2026_2027_v1_1,regular_icai,,___Course_Offering_26-27_Student_Version_1.1.xlsx,[],exchange_term,low,postgraduate,permission_required,spanish,unknown
Spanish,Fall,Unknown,Master,1-MIA,4.5,4.5,DMA-MIA-514,Geometría de la Información / Information Geometry,Geometría de la Información,Information Geometry,Permission needed.,,course_offering_2026_2027_v1_1,regular_icai,,___Course_Offering_26-27_Student_Version_1.1.xlsx,[],exchange_term,low,postgraduate,permission_required,spanish,unknown
English,Fall,Unknown,Undergraduate,1-SAPIENS,6.0,6.0,DMA-SAP-230,Introduction to Differential Equations,Introduction to Differential Equations,Introduction to Differential Equations,,,course_offering_2026_2027_v1_1,sapiens,,___Course_Offering_26-27_Student_Version_1.1.xlsx,[],exchange_term,low,undergraduate,standard,english,unknown
English,Fall,Unknown,Undergraduate,1-SAPIENS,6.0,6.0,DMA-SAP-241,Multivariable Calculus,Multivariable Calculus,Multivariable Calculus,,,course_offering_2026_2027_v1_1,sapiens,,___Course_Offering_26-27_Student_Version_1.1.xlsx,[],exchange_term,low,undergraduate,standard,english,unknown
Spanish,All-year,Unknown,Undergraduate,1-DHP,3.0,1.5,DOI-DHPCP-102,Habilidades Personales / Personal Skills,Habilidades Personales,Personal Skills,Waitlisted until assigned,,course_offering_2026_2027_v1_1,regular_icai,,___Course_Offering_26-27_Student_Version_1.1.xlsx,[],exchange_term_all_year,medium,undergraduate,standard,spanish,unknown
English / Spanish,Fall,Unknown,Undergraduate,2-DHP,3.0,3.0,DOI-DHPCP-201,Ingeniería y Comunicación / Engineering and Communication,Ingeniería y Comunicación,Engineering and Communication,Waitlisted until assigned,,course_offering_2026_2027_v1_1,regular_icai,,___Course_Offering_26-27_Student_Version_1.1.xlsx,[],exchange_term,low,undergraduate,standard,english_or_spanish,unknown
Spanish,Fall,Unknown,Undergraduate,2-DHP,3.0,3.0,DOI-DHPCP-202,Técnicas de Comunicación Personal / Personal Communication Techniques,Técnicas de Comunicación Personal,Personal Communication Techniques,Waitlisted until assigned,,course_offering_2026_2027_v1_1,regular_icai,,___Course_Offering_26-27_Student_Version_1.1.xlsx,[],exchange_term,low,undergraduate,standard,spanish,unknown
Spanish,Fall,Unknown,Undergraduate,3-DHP,2.0,2.0,DOI-DHPCP-301,Pensamiento Crítico / Critical Thinking,Pensamiento Crítico,Critical Thinking,Waitlisted until assigned,,course_offering_2026_2027_v1_1,regular_icai,,___Course_Offering_26-27_Student_Version_1.1.xlsx,[],exchange_term,low,undergraduate,standard,spanish,unknown
English / Spanish,Fall,Unknown,Undergraduate,4-DHP,3.0,3.0,DOI-DHPCP-401,Aprendizaje y Servicio / Learning and Service,Aprendizaje y Servicio,Learning and Service,Requires sufficient global demand. TBD | Waitlisted until assigned,,course_offering_2026_2027_v1_1,regular_icai,,___Course_Offering_26-27_Student_Version_1.1.xlsx,[],exchange_term,low,undergraduate,standard,english_or_spanish,unknown
Spanish,Fall,Unknown,Undergraduate,4-DHP,2.0,2.0,DOI-DHPCP-402,Liderazgo Ignaciano / Ignatian Leadership,Liderazgo Ignaciano,Ignatian Leadership,Waitlisted until assigned,,course_offering_2026_2027_v1_1,regular_icai,,___Course_Offering_26-27_Student_Version_1.1.xlsx,[],exchange_term,low,undergraduate,standard,spanish,unknown
Spanish,Fall,Unknown,Undergraduate,3-GITI,6.0,6.0,DOI-GITI-311,Estadística I / Statistics I,Estadística I,Statistics I,,,course_offering_2026_2027_v1_1,regular_icai,,___Course_Offering_26-27_Student_Version_1.1.xlsx,[],exchange_term,low,undergraduate,standard,spanish,unknown
Spanish,Fall,Unknown,Undergraduate,3-GITI,6.0,6.0,DOI-GITI-322,Economía y Empresa / Business Economics,Economía y Empresa,Business Economics,,,course_offering_2026_2027_v1_1,regular_icai,,___Course_Offering_26-27_Student_Version_1.1.xlsx,[],exchange_term,low,undergraduate,standard,spanish,unknown
Spanish,Fall,Unknown,Undergraduate,4-GITI,3.0,3.0,DOI-GITI-411,Ética / Ethics,Ética,Ethics,,,course_offering_2026_2027_v1_1,regular_icai,,___Course_Offering_26-27_Student_Version_1.1.xlsx,[],exchange_term,low,undergraduate,standard,spanish,unknown
English,Fall,Unknown,Undergraduate,4-GITI,6.0,6.0,DOI-GITI-412,Investigación Operativa / Operations Research,Investigación Operativa,Operations Research,,,course_offering_2026_2027_v1_1,regular_icai,,___Course_Offering_26-27_Student_Version_1.1.xlsx,[],exchange_term,low,undergraduate,standard,english,unknown
Spanish,Fall,Unknown,Undergraduate,3-GITT,4.5,4.5,DOI-GITT-312,Estadística II / Statistics II,Estadística II,Statistics II,,,course_offering_2026_2027_v1_1,regular_icai,,___Course_Offering_26-27_Student_Version_1.1.xlsx,[],exchange_term,low,undergraduate,standard,spanish,unknown
English,Fall,Unknown,Undergraduate,4-GITT,6.0,6.0,DOI-GITT-412,Investigación Operativa / Operations Research,Investigación Operativa,Operations Research,,,course_offering_2026_2027_v1_1,regular_icai,,___Course_Offering_26-27_Student_Version_1.1.xlsx,[],exchange_term,low,undergraduate,standard,english,unknown
Spanish,All-year,Unknown,Undergraduate,1-IMAT,9.0,4.5,DOI-IMAT-104,Probabilidad y Estadística / Statistics and Probability,Probabilidad y Estadística,Statistics and Probability,,,course_offering_2026_2027_v1_1,regular_icai,,___Course_Offering_26-27_Student_Version_1.1.xlsx,[],exchange_term_all_year,medium,undergraduate,standard,spanish,unknown
Spanish,Fall,Unknown,Undergraduate,3-IMAT,3.0,3.0,DOI-IMAT-311,Análisis y Predicción de Series Temporales / Time Series Analysis and Forecasting,Análisis y Predicción de Series Temporales,Time Series Analysis and Forecasting,,,course_offering_2026_2027_v1_1,regular_icai,,___Course_Offering_26-27_Student_Version_1.1.xlsx,[],exchange_term,low,undergraduate,standard,spanish,unknown
English,Fall,Unknown,Undergraduate,3-IMAT,6.0,6.0,DOI-IMAT-314,Optimización y Simulación / Optimization and Simulation,Optimización y Simulación,Optimization and Simulation,,,course_offering_2026_2027_v1_1,regular_icai,,___Course_Offering_26-27_Student_Version_1.1.xlsx,[],exchange_term,low,undergraduate,standard,english,unknown
English,Fall,Unknown,Master,2-MBA,3.0,3.0,DOI-MBA-612,Financiación e Inversiones en Industria y Tecnología / Finance and Investment in Industry and Technology,Financiación e Inversiones en Industria y Tecnología,Finance and Investment in Industry and Technology,Permission needed for final-year undergraduates,,course_offering_2026_2027_v1_1,regular_icai,,___Course_Offering_26-27_Student_Version_1.1.xlsx,[],exchange_term,low,postgraduate,permission_required,english,unknown
Spanish,All-year,Unknown,Master,2-MBD,3.0,1.5,DOI-MBD-501,Casos de Estudio / Case Studies,Casos de Estudio,Case Studies,Permission needed.,,course_offering_2026_2027_v1_1,regular_icai,,___Course_Offering_26-27_Student_Version_1.1.xlsx,[],exchange_term_all_year,medium,postgraduate,permission_required,spanish,unknown
Spanish,Fall,Unknown,Master,1-MBD,6.0,6.0,DOI-MBD-514,Machine Learning I,Machine Learning I,Machine Learning I,Permission needed. 2-month intensive,,course_offering_2026_2027_v1_1,regular_icai,,___Course_Offering_26-27_Student_Version_1.1.xlsx,[],exchange_term,low,postgraduate,permission_required,spanish,unknown
Spanish,Fall,Unknown,Master,1-MBD,3.0,3.0,DOI-MBD-516,Introducción al Análisis Estadístico con Lenguajes de Programación para Machine Learning / Introduction to Statistical Analysis with Programming Languages for Machine Learning,Introducción al Análisis Estadístico con Lenguajes de Programación para Machine Learning,Introduction to Statistical Analysis with Programming Languages for Machine Learning,Permission needed. 2-month intensive,,course_offering_2026_2027_v1_1,regular_icai,,___Course_Offering_26-27_Student_Version_1.1.xlsx,[],exchange_term,low,postgraduate,permission_required,spanish,unknown
Spanish,Fall,Unknown,Master,1-MCS,6.0,6.0,DOI-MCS-514,Machine Learning / Analítica Avanzada / Machine Learning,Machine Learning / Analítica Avanzada,Machine Learning,Permission needed,,course_offering_2026_2027_v1_1,regular_icai,,___Course_Offering_26-27_Student_Version_1.1.xlsx,[],exchange_term,low,postgraduate,permission_required,spanish,unknown
English,Fall,Unknown,Master,2-MEPI,6.0,6.0,DOI-MEPI-511,Regulation of the Electric Power Industry,Regulation of the Electric Power Industry,Regulation of the Electric Power Industry,,,course_offering_2026_2027_v1_1,regular_icai,,___Course_Offering_26-27_Student_Version_1.1.xlsx,[],exchange_term,low,postgraduate,permission_required,english,unknown
English,Fall,Unknown,Master,2-MEPI,6.0,6.0,DOI-MEPI-611,Economy of the Electric Power Industry,Economy of the Electric Power Industry,Economy of the Electric Power Industry,,,course_offering_2026_2027_v1_1,regular_icai,,___Course_Offering_26-27_Student_Version_1.1.xlsx,[],exchange_term,low,postgraduate,permission_required,english,unknown
English,Fall,Unknown,Master,1-MEPI,6.0,6.0,DOI-MEPI-612,Decision Support Models in the Electric Power Industry,Decision Support Models in the Electric Power Industry,Decision Support Models in the Electric Power Industry,,,course_offering_2026_2027_v1_1,regular_icai,,___Course_Offering_26-27_Student_Version_1.1.xlsx,[],exchange_term,low,postgraduate,permission_required,english,unknown
English,Fall,Unknown,Master,1-MII,6.0,6.0,DOI-MII-580,Análisis de Costes y Finanzas / Financial and Cost Analysis,Análisis de Costes y Finanzas,Financial and Cost Analysis,,,course_offering_2026_2027_v1_1,regular_icai,,___Course_Offering_26-27_Student_Version_1.1.xlsx,[],exchange_term,low,postgraduate,permission_required,english,unknown
English,Fall,Unknown,Master,2-MII,6.0,6.0,DOI-MII-613,Emprendimiento e Innovación / Entrepreneurship and Innovation,Emprendimiento e Innovación,Entrepreneurship and Innovation,Same as DOI-MBA-613oc. Select this one only.,,course_offering_2026_2027_v1_1,regular_icai,,___Course_Offering_26-27_Student_Version_1.1.xlsx,[],exchange_term,low,postgraduate,permission_required,english,unknown
English,Fall,Unknown,Master,6-MII,3.0,3.0,DOI-MII-616,Aprendizaje Automático / Machine Learning,Aprendizaje Automático,Machine Learning,,,course_offering_2026_2027_v1_1,regular_icai,,___Course_Offering_26-27_Student_Version_1.1.xlsx,[],exchange_term,low,postgraduate,permission_required,english,unknown
English / Spanish,Fall,Unknown,Master,2-MII,6.0,6.0,DOI-MII-625,Sistemas de Producción y Fabricación / Production and Manufacturing Systems,Sistemas de Producción y Fabricación,Production and Manufacturing Systems,Requires sufficient global demand. TBD,,course_offering_2026_2027_v1_1,regular_icai,,___Course_Offering_26-27_Student_Version_1.1.xlsx,[],exchange_term,low,postgraduate,permission_required,english_or_spanish,unknown
English / Spanish,Fall,Unknown,Master,2-MII,6.0,6.0,DOI-MII-680,"Creación, Organización y Dirección de Empresas / Business Administration","Creación, Organización y Dirección de Empresas",Business Administration,,,course_offering_2026_2027_v1_1,regular_icai,,___Course_Offering_26-27_Student_Version_1.1.xlsx,[],exchange_term,low,postgraduate,permission_required,english_or_spanish,unknown
English / Spanish,Fall,Unknown,Master,2-MII,3.0,3.0,DOI-MII-681,Dirección de Proyectos / Project Management,Dirección de Proyectos,Project Management,,,course_offering_2026_2027_v1_1,regular_icai,,___Course_Offering_26-27_Student_Version_1.1.xlsx,[],exchange_term,low,postgraduate,permission_required,english_or_spanish,unknown
Spanish,Fall,Unknown,Master,2-MII,3.0,3.0,DOI-MII-682,Ética y RSC / Professional Ethics and Corporate Social Responsibility,Ética y RSC,Professional Ethics and Corporate Social Responsibility,,,course_offering_2026_2027_v1_1,regular_icai,,___Course_Offering_26-27_Student_Version_1.1.xlsx,[],exchange_term,low,postgraduate,permission_required,spanish,unknown
English / Spanish,Fall,Unknown,Master,2-MII,3.0,3.0,DOI-MII-683,Liderazgo y Gestión del Cambio / Leadership and Change Management,Liderazgo y Gestión del Cambio,Leadership and Change Management,,,course_offering_2026_2027_v1_1,regular_icai,,___Course_Offering_26-27_Student_Version_1.1.xlsx,[],exchange_term,low,postgraduate,permission_required,english_or_spanish,unknown
English,Fall,Unknown,Master,2-MIT,3.0,3.0,DOI-MIT-613,Dirección de Proyectos / Project Management,Dirección de Proyectos,Project Management,,,course_offering_2026_2027_v1_1,regular_icai,,___Course_Offering_26-27_Student_Version_1.1.xlsx,[],exchange_term,low,postgraduate,permission_required,english,unknown
English,Fall,Unknown,Master,1-MSG,4.5,4.5,DOI-MSG-516,"Leadership, Change Management and Corporate Responsibility","Leadership, Change Management and Corporate Responsibility","Leadership, Change Management and Corporate Responsibility",First 3 ECTS from DOI-MII/MIT-683,,course_offering_2026_2027_v1_1,regular_icai,,___Course_Offering_26-27_Student_Version_1.1.xlsx,[],exchange_term,low,postgraduate,permission_required,english,unknown
Spanish,Fall,Unknown,Master,1-MTF,4.5,4.5,DOI-MTF-511,"Fundamentos de Tecnologías Financieras, Pagos y Banca Digital / Fundamentals of Financial Technologies, Payments and Digital Banking","Fundamentos de Tecnologías Financieras, Pagos y Banca Digital","Fundamentals of Financial Technologies, Payments and Digital Banking",,,course_offering_2026_2027_v1_1,regular_icai,,___Course_Offering_26-27_Student_Version_1.1.xlsx,[],exchange_term,low,postgraduate,permission_required,spanish,unknown
Spanish,Fall,Unknown,Master,1-MTF,4.5,4.5,DOI-MTF-512,Técnicas de Trading Algorítmico / Algorithmic Trading Techniques,Técnicas de Trading Algorítmico,Algorithmic Trading Techniques,,,course_offering_2026_2027_v1_1,regular_icai,,___Course_Offering_26-27_Student_Version_1.1.xlsx,[],exchange_term,low,postgraduate,permission_required,spanish,unknown
Spanish,Fall,Unknown,Master,1-MTF,4.5,4.5,DOI-MTF-513,Gestión de Carteras e Inversión Basada en Datos / Portfolio Management and Data-Driven Investing,Gestión de Carteras e Inversión Basada en Datos,Portfolio Management and Data-Driven Investing,,,course_offering_2026_2027_v1_1,regular_icai,,___Course_Offering_26-27_Student_Version_1.1.xlsx,[],exchange_term,low,postgraduate,permission_required,spanish,unknown
English,Fall,Unknown,Master,1-MIT,6.0,6.0,DOI-OPT-580,Optativa Complementaria. Análisis de Costes y Finanzas / Financial and Cost Analysis,Optativa Complementaria. Análisis de Costes y Finanzas,Financial and Cost Analysis,,,course_offering_2026_2027_v1_1,regular_icai,,___Course_Offering_26-27_Student_Version_1.1.xlsx,[],exchange_term,low,postgraduate,permission_required,english,unknown
English,Fall,Unknown,Master,2-MII,6.0,6.0,DOI-OPT-611,"Optativa Complementaria. Supply Chain: Strategy, Planning and Management / Supply Chain: Strategy, Planning and Management","Optativa Complementaria. Supply Chain: Strategy, Planning and Management","Supply Chain: Strategy, Planning and Management",,,course_offering_2026_2027_v1_1,regular_icai,,___Course_Offering_26-27_Student_Version_1.1.xlsx,[],exchange_term,low,postgraduate,permission_required,english,unknown
English,Fall,Unknown,Master,2-MII,6.0,6.0,DOI-OPT-614,Optativa Complementaria. Machine Learning for Engineers / Machine Learning for Engineers,Optativa Complementaria. Machine Learning for Engineers,Machine Learning for Engineers,,,course_offering_2026_2027_v1_1,regular_icai,,___Course_Offering_26-27_Student_Version_1.1.xlsx,[],exchange_term,low,postgraduate,permission_required,english,unknown
English,Fall,Unknown,Undergraduate,1-SAPIENS,6.0,6.0,DOI-SAP-130,Spanish Culture through Films,Spanish Culture through Films,Spanish Culture through Films,,,course_offering_2026_2027_v1_1,sapiens,,___Course_Offering_26-27_Student_Version_1.1.xlsx,[],exchange_term,low,undergraduate,standard,english,unknown
English,Fall,Unknown,Undergraduate,1-SAPIENS,6.0,6.0,DOI-SAP-354,Engineering Economy,Engineering Economy,Engineering Economy,,,course_offering_2026_2027_v1_1,sapiens,,___Course_Offering_26-27_Student_Version_1.1.xlsx,[],exchange_term,low,undergraduate,standard,english,unknown
Spanish,Fall,Unknown,Undergraduate,6-BA,3.0,3.0,DTC-BA-516,Desarrollo de Aplicaciones para la Visualización de Datos / Application Development for Data Visualization,Desarrollo de Aplicaciones para la Visualización de Datos,Application Development for Data Visualization,,,course_offering_2026_2027_v1_1,regular_icai,,___Course_Offering_26-27_Student_Version_1.1.xlsx,[],exchange_term,low,undergraduate,standard,spanish,unknown
Spanish,Fall,Unknown,Undergraduate,3-BA,3.0,3.0,DTC-BA23-314,Visualización de Datos / Data Visualization,Visualización de Datos,Data Visualization,,,course_offering_2026_2027_v1_1,regular_icai,,___Course_Offering_26-27_Student_Version_1.1.xlsx,[],exchange_term,low,undergraduate,standard,spanish,unknown
Spanish,Fall,Unknown,Undergraduate,1-GITI,7.5,7.5,DTC-GITI-112,Fundamentos de informática / Fundamentals of Computer Science,Fundamentos de informática,Fundamentals of Computer Science,Language: C,,course_offering_2026_2027_v1_1,regular_icai,,___Course_Offering_26-27_Student_Version_1.1.xlsx,[],exchange_term,low,undergraduate,standard,spanish,unknown
Spanish,Fall,Unknown,Undergraduate,1-GITT,7.5,7.5,DTC-GITT-112,Fundamentos de informática / Fundamentals of Computer Science,Fundamentos de informática,Fundamentals of Computer Science,Language: Python,,course_offering_2026_2027_v1_1,regular_icai,,___Course_Offering_26-27_Student_Version_1.1.xlsx,[],exchange_term,low,undergraduate,standard,spanish,unknown
Spanish,Fall,Unknown,Undergraduate,2-GITT,6.0,6.0,DTC-GITT-215,Algorítmica / Algorithms,Algorítmica,Algorithms,,,course_offering_2026_2027_v1_1,regular_icai,,___Course_Offering_26-27_Student_Version_1.1.xlsx,[],exchange_term,low,undergraduate,standard,spanish,unknown
Spanish,Fall,Unknown,Undergraduate,3-GITT,6.0,6.0,DTC-GITT-313,Tecnología de Redes / Computer Network Technologies,Tecnología de Redes,Computer Network Technologies,,,course_offering_2026_2027_v1_1,regular_icai,,___Course_Offering_26-27_Student_Version_1.1.xlsx,[],exchange_term,low,undergraduate,standard,spanish,unknown
Spanish,Fall,Unknown,Undergraduate,3-GITT,6.0,6.0,DTC-GITT-315,Ingeniería del Software / Software Engineering,Ingeniería del Software,Software Engineering,,,course_offering_2026_2027_v1_1,regular_icai,,___Course_Offering_26-27_Student_Version_1.1.xlsx,[],exchange_term,low,undergraduate,standard,spanish,unknown
Spanish,Fall,Unknown,Undergraduate,3-GITT,6.0,6.0,DTC-GITT-317,Telemedicina y Análisis de Datos / Telemedicine and Data Analytics,Telemedicina y Análisis de Datos,Telemedicine and Data Analytics,,,course_offering_2026_2027_v1_1,regular_icai,,___Course_Offering_26-27_Student_Version_1.1.xlsx,[],exchange_term,low,undergraduate,standard,spanish,unknown
Spanish,Fall,Unknown,Undergraduate,4-GITT,4.5,4.5,DTC-GITT-411,Conmutación y Transmisión / Switching and Data Transmission,Conmutación y Transmisión,Switching and Data Transmission,,,course_offering_2026_2027_v1_1,regular_icai,,___Course_Offering_26-27_Student_Version_1.1.xlsx,[],exchange_term,low,undergraduate,standard,spanish,unknown
Spanish,Fall,Unknown,Undergraduate,4-GITT,7.5,7.5,DTC-GITT-413,Seguridad y Normativa / Security and Telecommunications Legislation,Seguridad y Normativa,Security and Telecommunications Legislation,,,course_offering_2026_2027_v1_1,regular_icai,,___Course_Offering_26-27_Student_Version_1.1.xlsx,[],exchange_term,low,undergraduate,standard,spanish,unknown
Spanish,Fall,Unknown,Undergraduate,4-GITT,6.0,6.0,DTC-GITT-415,Servicios Telemáticos Multimedia / Multimedia Telecommunication Services,Servicios Telemáticos Multimedia,Multimedia Telecommunication Services,,,course_offering_2026_2027_v1_1,regular_icai,,___Course_Offering_26-27_Student_Version_1.1.xlsx,[],exchange_term,low,undergraduate,standard,spanish,unknown
Spanish,Fall,Unknown,Undergraduate,1-IMAT,6.0,6.0,DTC-IMAT-112,Programación / Programming,Programación,Programming,Language: Python,,course_offering_2026_2027_v1_1,regular_icai,,___Course_Offering_26-27_Student_Version_1.1.xlsx,[],exchange_term,low,undergraduate,standard,spanish,unknown
Spanish,Fall,Unknown,Undergraduate,2-IMAT,6.0,6.0,DTC-IMAT-215,Fundamentos de los Sistemas Operativos / Operating Systems Fundamentals,Fundamentos de los Sistemas Operativos,Operating Systems Fundamentals,,,course_offering_2026_2027_v1_1,regular_icai,,___Course_Offering_26-27_Student_Version_1.1.xlsx,[],exchange_term,low,undergraduate,standard,spanish,unknown
Spanish,Fall,Unknown,Undergraduate,3-IMAT,6.0,6.0,DTC-IMAT-315,Paradigmas y Técnicas de Programación / Programming Paradigms and Techniques,Paradigmas y Técnicas de Programación,Programming Paradigms and Techniques,,,course_offering_2026_2027_v1_1,regular_icai,,___Course_Offering_26-27_Student_Version_1.1.xlsx,[],exchange_term,low,undergraduate,standard,spanish,unknown
Spanish,Fall,Unknown,Undergraduate,4-IMAT,6.0,6.0,DTC-IMAT-416,Procesamiento de Lenguaje Natural II / Natural Language Processing II,Procesamiento de Lenguaje Natural II,Natural Language Processing II,,,course_offering_2026_2027_v1_1,regular_icai,,___Course_Offering_26-27_Student_Version_1.1.xlsx,[],exchange_term,low,undergraduate,standard,spanish,unknown
Spanish,Fall,Unknown,Undergraduate,4-IMAT,6.0,6.0,DTC-IMAT-417,Visión por Ordenador II / Computer Vision II,Visión por Ordenador II,Computer Vision II,,,course_offering_2026_2027_v1_1,regular_icai,,___Course_Offering_26-27_Student_Version_1.1.xlsx,[],exchange_term,low,undergraduate,standard,spanish,unknown
Spanish,Fall,Unknown,Undergraduate,4-IMAT,6.0,6.0,DTC-IMAT-423,Tecnologías para la Digitalización / Technologies for Digital Transformation,Tecnologías para la Digitalización,Technologies for Digital Transformation,,,course_offering_2026_2027_v1_1,regular_icai,,___Course_Offering_26-27_Student_Version_1.1.xlsx,[],exchange_term,low,undergraduate,standard,spanish,unknown
Spanish,Fall,Unknown,Master,1-MBD,3.0,3.0,DTC-MBD-511,Arquitectura Big Data / Big Data Architecture,Arquitectura Big Data,Big Data Architecture,Permission needed. 2-month intensive,,course_offering_2026_2027_v1_1,regular_icai,,___Course_Offering_26-27_Student_Version_1.1.xlsx,[],exchange_term,low,postgraduate,permission_required,spanish,unknown
Spanish,Fall,Unknown,Master,2-MBD,3.0,3.0,DTC-MBD-512,Big Data y Gobierno del Dato / Big Data and Data Governance,Big Data y Gobierno del Dato,Big Data and Data Governance,Permission needed. 2-month intensive,,course_offering_2026_2027_v1_1,regular_icai,,___Course_Offering_26-27_Student_Version_1.1.xlsx,[],exchange_term,low,postgraduate,permission_required,spanish,unknown
Spanish,Fall,Unknown,Master,2-MBD,7.5,7.5,DTC-MBD-515,Tecnologías de Procesamiento Big Data / Big Data Processing Technologies,Tecnologías de Procesamiento Big Data,Big Data Processing Technologies,Permission needed.,,course_offering_2026_2027_v1_1,regular_icai,,___Course_Offering_26-27_Student_Version_1.1.xlsx,[],exchange_term,low,postgraduate,permission_required,spanish,unknown
Spanish,Fall,Unknown,Master,1-MBD,3.0,3.0,DTC-MBD-517,Adquisición y Transformación / Data Acquisition and Transformation,Adquisición y Transformación,Data Acquisition and Transformation,Permission needed. 2-month intensive,,course_offering_2026_2027_v1_1,regular_icai,,___Course_Offering_26-27_Student_Version_1.1.xlsx,[],exchange_term,low,postgraduate,permission_required,spanish,unknown
Spanish,All-year,Unknown,Master,1-MCS,6.0,3.0,DTC-MCS-501,Master Classes. Ciberseguridad Sectorial / Master Classes. Cybersecurity by Sectors,Master Classes. Ciberseguridad Sectorial,Master Classes. Cybersecurity by Sectors,Permission needed,,course_offering_2026_2027_v1_1,regular_icai,,___Course_Offering_26-27_Student_Version_1.1.xlsx,[],exchange_term_all_year,medium,postgraduate,permission_required,spanish,unknown
Spanish,Fall,Unknown,Master,1-MCS,6.0,6.0,DTC-MCS-512,"Criptografía, Firma Electrónica y Blockchain / Cryptography, Digital Signature and Blockchain","Criptografía, Firma Electrónica y Blockchain","Cryptography, Digital Signature and Blockchain",Permission needed,,course_offering_2026_2027_v1_1,regular_icai,,___Course_Offering_26-27_Student_Version_1.1.xlsx,[],exchange_term,low,postgraduate,permission_required,spanish,unknown
Spanish,Fall,Unknown,Master,2-MCS,6.0,6.0,DTC-MCS-513,"Gobierno, Riesgo y Cumplimiento de la Seguridad / Governance, Risk and Compliance","Gobierno, Riesgo y Cumplimiento de la Seguridad","Governance, Risk and Compliance",Permission needed,,course_offering_2026_2027_v1_1,regular_icai,,___Course_Offering_26-27_Student_Version_1.1.xlsx,[],exchange_term,low,postgraduate,permission_required,spanish,unknown
Spanish,Fall,Unknown,Master,2-MCS,3.0,3.0,DTC-MCS-515,Seguridad y Gestión de la Movilidad / Mobility Security Management,Seguridad y Gestión de la Movilidad,Mobility Security Management,Permission needed,,course_offering_2026_2027_v1_1,regular_icai,,___Course_Offering_26-27_Student_Version_1.1.xlsx,[],exchange_term,low,postgraduate,permission_required,spanish,unknown
Spanish,Fall,Unknown,Master,2-MCS,3.0,3.0,DTC-MCS-516,Test de Intrusión y Gestión de Vulnerabilidades / Penetration Testing and Vulnerability Management,Test de Intrusión y Gestión de Vulnerabilidades,Penetration Testing and Vulnerability Management,Permission needed,,course_offering_2026_2027_v1_1,regular_icai,,___Course_Offering_26-27_Student_Version_1.1.xlsx,[],exchange_term,low,postgraduate,permission_required,spanish,unknown
English,Fall,Unknown,Master,1-MIINT,6.0,6.0,DTC-MIINT-512,Deep Learning,Deep Learning,Deep Learning,Permission needed.,,course_offering_2026_2027_v1_1,regular_icai,,___Course_Offering_26-27_Student_Version_1.1.xlsx,[],exchange_term,low,postgraduate,permission_required,english,unknown
Spanish,Fall,Unknown,Master,1-MIT,4.5,4.5,DTC-MIT-512,Seguridad en Sistemas de Comunicación / Security in Communications Systems,Seguridad en Sistemas de Comunicación,Security in Communications Systems,,,course_offering_2026_2027_v1_1,regular_icai,,___Course_Offering_26-27_Student_Version_1.1.xlsx,[],exchange_term,low,postgraduate,permission_required,spanish,unknown
Spanish,Fall,Unknown,Master,1-MIT,6.0,6.0,DTC-MIT-515,Arquitectura de Servicios en Red / Architecture of Network Services,Arquitectura de Servicios en Red,Architecture of Network Services,,,course_offering_2026_2027_v1_1,regular_icai,,___Course_Offering_26-27_Student_Version_1.1.xlsx,[],exchange_term,low,postgraduate,permission_required,spanish,unknown
Spanish,Fall,Unknown,Master,2-MIT,4.5,4.5,DTC-MIT-615,Comunicaciones Multimedia / Multimedia Communications,Comunicaciones Multimedia,Multimedia Communications,,,course_offering_2026_2027_v1_1,regular_icai,,___Course_Offering_26-27_Student_Version_1.1.xlsx,[],exchange_term,low,postgraduate,permission_required,spanish,unknown
Spanish,Fall,Unknown,Master,1-MTF,6.0,6.0,DTC-MTF-513,Finanzas Descentralizadas y Blockchain / Decentralized Finance and Blockchain,Finanzas Descentralizadas y Blockchain,Decentralized Finance and Blockchain,,,course_offering_2026_2027_v1_1,regular_icai,,___Course_Offering_26-27_Student_Version_1.1.xlsx,[],exchange_term,low,postgraduate,permission_required,spanish,unknown
Spanish,Fall,Unknown,Master,1-MTF,6.0,6.0,DTC-MTF-514,Big Data en Banca y Finanzas Digitales / Big Data in Banking & Digital Finance,Big Data en Banca y Finanzas Digitales,Big Data in Banking & Digital Finance,,,course_offering_2026_2027_v1_1,regular_icai,,___Course_Offering_26-27_Student_Version_1.1.xlsx,[],exchange_term,low,postgraduate,permission_required,spanish,unknown
English,Fall,Unknown,Undergraduate,1-SAPIENS,6.0,6.0,DTC-SAP-234,Introduction to Python Programming,Introduction to Python Programming,Introduction to Python Programming,,,course_offering_2026_2027_v1_1,sapiens,,___Course_Offering_26-27_Student_Version_1.1.xlsx,[],exchange_term,low,undergraduate,standard,english,unknown
English,Fall,Unknown,Undergraduate,1-SAPIENS,6.0,6.0,DTC-SAP-333,Machine Learning and Artificial Intelligence with Python,Machine Learning and Artificial Intelligence with Python,Machine Learning and Artificial Intelligence with Python,,,course_offering_2026_2027_v1_1,sapiens,,___Course_Offering_26-27_Student_Version_1.1.xlsx,[],exchange_term,low,undergraduate,standard,english,unknown
Spanish,Fall,Unknown,Undergraduate,3-ADE,6.0,6.0,FCEE-ADE-314,Introducción a la Contabilidad / Introduction to Accounting,Introducción a la Contabilidad,Introduction to Accounting,,,course_offering_2026_2027_v1_1,regular_icai,,___Course_Offering_26-27_Student_Version_1.1.xlsx,[],exchange_term,low,undergraduate,standard,spanish,unknown
English,Fall,Unknown,Undergraduate,3-ADE,6.0,6.0,FCEE-ADE-315,Microeconomía / Microeconomics,Microeconomía,Microeconomics,,,course_offering_2026_2027_v1_1,regular_icai,,___Course_Offering_26-27_Student_Version_1.1.xlsx,[],exchange_term,low,undergraduate,standard,english,unknown
Spanish,Fall,Unknown,Undergraduate,4-ADE,6.0,6.0,FCEE-ADE-415,Fundamentos de Marketing / Fundamentals of Marketing,Fundamentos de Marketing,Fundamentals of Marketing,,,course_offering_2026_2027_v1_1,regular_icai,,___Course_Offering_26-27_Student_Version_1.1.xlsx,[],exchange_term,low,undergraduate,standard,spanish,unknown
English,Fall,Unknown,Undergraduate,4-ADE,6.0,6.0,FCEE-ADE-416,Macroeconomía / Macroeconomics,Macroeconomía,Macroeconomics,,,course_offering_2026_2027_v1_1,regular_icai,,___Course_Offering_26-27_Student_Version_1.1.xlsx,[],exchange_term,low,undergraduate,standard,english,unknown
English,Fall,Unknown,Undergraduate,4-ADE,6.0,6.0,FCEE-ADE-417,Contabilidad de Gestión / Management Accounting,Contabilidad de Gestión,Management Accounting,,,course_offering_2026_2027_v1_1,regular_icai,,___Course_Offering_26-27_Student_Version_1.1.xlsx,[],exchange_term,low,undergraduate,standard,english,unknown
English,Fall,Unknown,Undergraduate,5-ADE,6.0,6.0,FCEE-ADE-513,Análisis Económico Internacional / International Economic Analysis,Análisis Económico Internacional,International Economic Analysis,,,course_offering_2026_2027_v1_1,regular_icai,,___Course_Offering_26-27_Student_Version_1.1.xlsx,[],exchange_term,low,undergraduate,standard,english,unknown
Spanish,Fall,Unknown,Undergraduate,4-BA,3.0,3.0,FCEE-BA-411,Fundamentos de Marketing / Foundations of Marketing,Fundamentos de Marketing,Foundations of Marketing,,,course_offering_2026_2027_v1_1,regular_icai,,___Course_Offering_26-27_Student_Version_1.1.xlsx,[],exchange_term,low,undergraduate,standard,spanish,unknown
English,Fall,Unknown,Undergraduate,5-BA,6.0,6.0,FCEE-BA-421,Finanzas Corporativas / Corporate Finance,Finanzas Corporativas,Corporate Finance,,,course_offering_2026_2027_v1_1,regular_icai,,___Course_Offering_26-27_Student_Version_1.1.xlsx,[],exchange_term,low,undergraduate,standard,english,unknown
English,Fall,Unknown,Undergraduate,6-BA,3.0,3.0,FCEE-BA-511,Análisis Estratégico / Strategic Analysis,Análisis Estratégico,Strategic Analysis,,,course_offering_2026_2027_v1_1,regular_icai,,___Course_Offering_26-27_Student_Version_1.1.xlsx,[],exchange_term,low,undergraduate,standard,english,unknown
English,Fall,Unknown,Undergraduate,6-BA,3.0,3.0,FCEE-BA-512,Mercados Financieros Internacionales / International Financial Markets,Mercados Financieros Internacionales,International Financial Markets,,,course_offering_2026_2027_v1_1,regular_icai,,___Course_Offering_26-27_Student_Version_1.1.xlsx,[],exchange_term,low,undergraduate,standard,english,unknown
English,Fall,Unknown,Undergraduate,6-BA,3.0,3.0,FCEE-BA-515,Derivados Financieros / Financial Derivatives,Derivados Financieros,Financial Derivatives,,,course_offering_2026_2027_v1_1,regular_icai,,___Course_Offering_26-27_Student_Version_1.1.xlsx,[],exchange_term,low,undergraduate,standard,english,unknown
English,Fall,Unknown,Undergraduate,2-BA,6.0,6.0,FCEE-BA23-211,Introducción a la Economía / Introduction to Economics,Introducción a la Economía,Introduction to Economics,,,course_offering_2026_2027_v1_1,regular_icai,,___Course_Offering_26-27_Student_Version_1.1.xlsx,[],exchange_term,low,undergraduate,standard,english,unknown
English,Fall,Unknown,Undergraduate,3-BA,6.0,6.0,FCEE-BA23-311,Diseño y Generación de Valor para el Cliente / Design and Delivery of Value for Customers,Diseño y Generación de Valor para el Cliente,Design and Delivery of Value for Customers,,,course_offering_2026_2027_v1_1,regular_icai,,___Course_Offering_26-27_Student_Version_1.1.xlsx,[],exchange_term,low,undergraduate,standard,english,unknown
Spanish,Fall,Unknown,Undergraduate,3-BA,6.0,6.0,FCEE-BA23-312,Inferencia y Modelos de Regresión para los Negocios / Inference and Regression Models for Business,Inferencia y Modelos de Regresión para los Negocios,Inference and Regression Models for Business,,,course_offering_2026_2027_v1_1,regular_icai,,___Course_Offering_26-27_Student_Version_1.1.xlsx,[],exchange_term,low,undergraduate,standard,spanish,unknown
English,Fall,Unknown,Undergraduate,4-BA,6.0,6.0,FCEE-BA23-411,Contabilidad Directiva / Management Accounting,Contabilidad Directiva,Management Accounting,New Code. Formerly FCEE-BA-413,,course_offering_2026_2027_v1_1,regular_icai,,___Course_Offering_26-27_Student_Version_1.1.xlsx,[],exchange_term,low,undergraduate,standard,english,unknown
English,Fall,Unknown,Undergraduate,4-BA,3.0,3.0,FCEE-BA23-412,Finanzas Corporativas Aplicadas / Applied Corporate Finance,Finanzas Corporativas Aplicadas,Applied Corporate Finance,,,course_offering_2026_2027_v1_1,regular_icai,,___Course_Offering_26-27_Student_Version_1.1.xlsx,[],exchange_term,low,undergraduate,standard,english,unknown
Spanish,Fall,Unknown,Undergraduate,4-BA,3.0,3.0,FCEE-BA23-413,Machine Learning II: Predicción / Machine Learning II: Forecasting,Machine Learning II: Predicción,Machine Learning II: Forecasting,New Code. Formerly DTC-BA-414,,course_offering_2026_2027_v1_1,regular_icai,,___Course_Offering_26-27_Student_Version_1.1.xlsx,[],exchange_term,low,undergraduate,standard,spanish,unknown
Spanish,Fall,Unknown,Undergraduate,4-BA,3.0,3.0,FCEE-BA23-414,Matermáticas Financieras / Financial Mathematics,Matermáticas Financieras,Financial Mathematics,,,course_offering_2026_2027_v1_1,regular_icai,,___Course_Offering_26-27_Student_Version_1.1.xlsx,[],exchange_term,low,undergraduate,standard,spanish,unknown
English,Fall,Unknown,Master,1-MBA,3.0,3.0,IBS-MBA-516,Economía Internacional y el Entorno de los Negocios / International Economy and the Business Environment,Economía Internacional y el Entorno de los Negocios,International Economy and the Business Environment,Permission needed for final-year undergraduates,,course_offering_2026_2027_v1_1,regular_icai,,___Course_Offering_26-27_Student_Version_1.1.xlsx,[],exchange_term,low,postgraduate,permission_required,english,unknown
English,Fall,Unknown,Master,1-MBA,1.0,1.0,IBS-MBA-517,Tecnología y Sociedad / Technology and Society,Tecnología y Sociedad,Technology and Society,Permission needed for final-year undergraduates,,course_offering_2026_2027_v1_1,regular_icai,,___Course_Offering_26-27_Student_Version_1.1.xlsx,[],exchange_term,low,postgraduate,permission_required,english,unknown
English,Fall,Unknown,Master,1-MBA,2.0,2.0,IBS-MBA-518,Planificación Estratégica / Strategic Planning,Planificación Estratégica,Strategic Planning,Permission needed for final-year undergraduates,,course_offering_2026_2027_v1_1,regular_icai,,___Course_Offering_26-27_Student_Version_1.1.xlsx,[],exchange_term,low,postgraduate,permission_required,english,unknown
English,Fall,Unknown,Master,2-MBA,3.0,3.0,IBS-MBA-614,La Estrategia en Acción / Making Strategy,La Estrategia en Acción,Making Strategy,Permission needed for final-year undergraduates,,course_offering_2026_2027_v1_1,regular_icai,,___Course_Offering_26-27_Student_Version_1.1.xlsx,[],exchange_term,low,postgraduate,permission_required,english,unknown
English,All-year,Unknown,Undergraduate,1-ADE,6.0,3.0,IIM-ADE-101,Idioma I (English for Business Studies I) B2 / English for Business Studies I (B2),Idioma I (English for Business Studies I) B2,English for Business Studies I (B2),Waitlisted until level placement,,course_offering_2026_2027_v1_1,regular_icai,,___Course_Offering_26-27_Student_Version_1.1.xlsx,[],exchange_term_all_year,medium,undergraduate,standard,english,unknown
English,All-year,Unknown,Undergraduate,1-ADE,6.0,3.0,IIM-ADE-102,Idioma I (English for Business Studies I) C1 / English for Business Studies I (C1),Idioma I (English for Business Studies I) C1,English for Business Studies I (C1),Waitlisted until level placement,,course_offering_2026_2027_v1_1,regular_icai,,___Course_Offering_26-27_Student_Version_1.1.xlsx,[],exchange_term_all_year,medium,undergraduate,standard,english,unknown
English,All-year,Unknown,Undergraduate,2-ADE,6.0,3.0,IIM-ADE-226,Idioma II (English for Business Studies II) B2 / English for Business Studies II (B2),Idioma II (English for Business Studies II) B2,English for Business Studies II (B2),Waitlisted until level placement,,course_offering_2026_2027_v1_1,regular_icai,,___Course_Offering_26-27_Student_Version_1.1.xlsx,[],exchange_term_all_year,medium,undergraduate,standard,english,unknown
English,All-year,Unknown,Undergraduate,2-ADE,6.0,3.0,IIM-ADE-227,Idioma II (English for Business Studies II) C1 / English for Business Studies II (C1),Idioma II (English for Business Studies II) C1,English for Business Studies II (C1),Waitlisted until level placement,,course_offering_2026_2027_v1_1,regular_icai,,___Course_Offering_26-27_Student_Version_1.1.xlsx,[],exchange_term_all_year,medium,undergraduate,standard,english,unknown
English,All-year,Unknown,Undergraduate,1-DCC,6.0,3.0,IIM-DCC-101E,English for Engineers I (B2.1),English for Engineers I (B2.1),English for Engineers I (B2.1),Waitlisted until level placement,,course_offering_2026_2027_v1_1,regular_icai,,___Course_Offering_26-27_Student_Version_1.1.xlsx,[],exchange_term_all_year,medium,undergraduate,standard,english,unknown
English,All-year,Unknown,Undergraduate,1-DCC,6.0,3.0,IIM-DCC-102E,English for Engineers I (C1.1),English for Engineers I (C1.1),English for Engineers I (C1.1),Waitlisted until level placement,,course_offering_2026_2027_v1_1,regular_icai,,___Course_Offering_26-27_Student_Version_1.1.xlsx,[],exchange_term_all_year,medium,undergraduate,standard,english,unknown
English,All-year,Unknown,Undergraduate,1-DCC,6.0,3.0,IIM-DCC-103E,English for Engineers I (C2.1),English for Engineers I (C2.1),English for Engineers I (C2.1),Waitlisted until level placement,,course_offering_2026_2027_v1_1,regular_icai,,___Course_Offering_26-27_Student_Version_1.1.xlsx,[],exchange_term_all_year,medium,undergraduate,standard,english,unknown
English,All-year,Unknown,Undergraduate,2-DCC,6.0,3.0,IIM-DCC-201E,English for Engineers II (B2.2),English for Engineers II (B2.2),English for Engineers II (B2.2),Waitlisted until level placement,,course_offering_2026_2027_v1_1,regular_icai,,___Course_Offering_26-27_Student_Version_1.1.xlsx,[],exchange_term_all_year,medium,undergraduate,standard,english,unknown
English,All-year,Unknown,Undergraduate,2-DCC,6.0,3.0,IIM-DCC-202E,English for Engineers II (C1.2),English for Engineers II (C1.2),English for Engineers II (C1.2),Waitlisted until level placement,,course_offering_2026_2027_v1_1,regular_icai,,___Course_Offering_26-27_Student_Version_1.1.xlsx,[],exchange_term_all_year,medium,undergraduate,standard,english,unknown
English,All-year,Unknown,Undergraduate,2-DCC,6.0,3.0,IIM-DCC-203E,English for Engineers II (C2.2),English for Engineers II (C2.2),English for Engineers II (C2.2),Waitlisted until level placement,,course_offering_2026_2027_v1_1,regular_icai,,___Course_Offering_26-27_Student_Version_1.1.xlsx,[],exchange_term_all_year,medium,undergraduate,standard,english,unknown
English,All-year,Unknown,Undergraduate,3-DCC,6.0,3.0,IIM-DCC-301,Communication Skills (B2),Communication Skills (B2),Communication Skills (B2),Waitlisted until level placement,,course_offering_2026_2027_v1_1,regular_icai,,___Course_Offering_26-27_Student_Version_1.1.xlsx,[],exchange_term_all_year,medium,undergraduate,standard,english,unknown
English,All-year,Unknown,Undergraduate,3-DCC,6.0,3.0,IIM-DCC-302,Communication Skills (C1),Communication Skills (C1),Communication Skills (C1),Waitlisted until level placement,,course_offering_2026_2027_v1_1,regular_icai,,___Course_Offering_26-27_Student_Version_1.1.xlsx,[],exchange_term_all_year,medium,undergraduate,standard,english,unknown
English,All-year,Unknown,Undergraduate,3-DCC,6.0,3.0,IIM-DCC-303,Communication Skills (C1/C2),Communication Skills (C1/C2),Communication Skills (C1/C2),Waitlisted until level placement,,course_offering_2026_2027_v1_1,regular_icai,,___Course_Offering_26-27_Student_Version_1.1.xlsx,[],exchange_term_all_year,medium,undergraduate,standard,english,unknown
English,All-year,Unknown,Undergraduate,3-DCC,6.0,3.0,IIM-DCC-304,Communication Skills (C2),Communication Skills (C2),Communication Skills (C2),Waitlisted until level placement,,course_offering_2026_2027_v1_1,regular_icai,,___Course_Offering_26-27_Student_Version_1.1.xlsx,[],exchange_term_all_year,medium,undergraduate,standard,english,unknown
English,All-year,Unknown,Undergraduate,4-DCC,6.0,3.0,IIM-DCC-401,English for Professional Purposes (B2),English for Professional Purposes (B2),English for Professional Purposes (B2),Waitlisted until level placement,,course_offering_2026_2027_v1_1,regular_icai,,___Course_Offering_26-27_Student_Version_1.1.xlsx,[],exchange_term_all_year,medium,undergraduate,standard,english,unknown
English,All-year,Unknown,Undergraduate,4-DCC,6.0,3.0,IIM-DCC-402,English for Professional Purposes (C1),English for Professional Purposes (C1),English for Professional Purposes (C1),Waitlisted until level placement,,course_offering_2026_2027_v1_1,regular_icai,,___Course_Offering_26-27_Student_Version_1.1.xlsx,[],exchange_term_all_year,medium,undergraduate,standard,english,unknown
English,All-year,Unknown,Undergraduate,4-DCC,6.0,3.0,IIM-DCC-403,English for Professional Purposes (C1/C2),English for Professional Purposes (C1/C2),English for Professional Purposes (C1/C2),Waitlisted until level placement,,course_offering_2026_2027_v1_1,regular_icai,,___Course_Offering_26-27_Student_Version_1.1.xlsx,[],exchange_term_all_year,medium,undergraduate,standard,english,unknown
English,All-year,Unknown,Undergraduate,4-DCC,6.0,3.0,IIM-DCC-404,English for Professional Purposes (C2),English for Professional Purposes (C2),English for Professional Purposes (C2),Waitlisted until level placement,,course_offering_2026_2027_v1_1,regular_icai,,___Course_Offering_26-27_Student_Version_1.1.xlsx,[],exchange_term_all_year,medium,undergraduate,standard,english,unknown
English,Fall,Unknown,Undergraduate,1-SAPIENS,3.0,3.0,IIM-SAP-140,Spanish Culture,Spanish Culture,Spanish Culture,,,course_offering_2026_2027_v1_1,sapiens,,___Course_Offering_26-27_Student_Version_1.1.xlsx,[],exchange_term,low,undergraduate,standard,english,unknown
Spanish,All-year,Unknown,Undergraduate,1-GITI,6.0,3.0,TEO-GITI-111,Cristianismo y Ética Social / Christianism and Social Ethics,Cristianismo y Ética Social,Christianism and Social Ethics,,,course_offering_2026_2027_v1_1,regular_icai,,___Course_Offering_26-27_Student_Version_1.1.xlsx,[],exchange_term_all_year,medium,undergraduate,standard,spanish,unknown
Spanish,Fall,Unknown,Undergraduate,1-GITT,6.0,6.0,TEO-GITT-111,Cristianismo y Ética Social / Christianism and Social Ethics,Cristianismo y Ética Social,Christianism and Social Ethics,,,course_offering_2026_2027_v1_1,regular_icai,,___Course_Offering_26-27_Student_Version_1.1.xlsx,[],exchange_term,low,undergraduate,standard,spanish,unknown
Spanish,All-year,Unknown,Undergraduate,1-IMAT,6.0,3.0,TEO-IMAT-100,Cristianismo y Ética Social / Christianism and Social Ethics,Cristianismo y Ética Social,Christianism and Social Ethics,,,course_offering_2026_2027_v1_1,regular_icai,,___Course_Offering_26-27_Student_Version_1.1.xlsx,[],exchange_term_all_year,medium,undergraduate,standard,spanish,unknown
English,Fall,Unknown,Undergraduate,1-SAPIENS,3.0,3.0,TEO-SAP-123,Christianity and World Religions,Christianity and World Religions,Christianity and World Religions,,,course_offering_2026_2027_v1_1,sapiens,,___Course_Offering_26-27_Student_Version_1.1.xlsx,[],exchange_term,low,undergraduate,standard,english,unknown
